seed,trial,predicted_best,rounds_seen,num_boost_round,last_observed_mae,best_so_far,params
1,2,0.5084825417306549,24,124,0.6008473351597786,0.4772607207298279,"{'num_boost_round': 124, 'max_depth': 8, 'learning_rate': 0.010807235011690317, 'subsample': 0.7793449142228759, 'colsample_bytree': 0.5701934692976169, 'min_child_weight': 2, 'gamma': 4.003722843377683}"
1,4,0.5253583131255207,50,253,0.6258643299341202,0.42467433512210845,"{'num_boost_round': 253, 'max_depth': 10, 'learning_rate': 0.0017523345846499128, 'subsample': 0.7105538125025261, 'colsample_bytree': 0.978944765075251, 'min_child_weight': 6, 'gamma': 3.4593855697523668}"
1,5,0.47151802480220795,76,384,0.47151802480220795,0.42467433512210845,"{'num_boost_round': 384, 'max_depth': 8, 'learning_rate': 0.11680703272479827, 'subsample': 0.5091441386720958, 'colsample_bytree': 0.8750721574724838, 'min_child_weight': 10, 'gamma': 3.740828271899197}"
1,6,0.47779873742168244,70,352,0.614150270819664,0.42467433512210845,"{'num_boost_round': 352, 'max_depth': 9, 'learning_rate': 0.001801786526209975, 'subsample': 0.7239467630879526, 'colsample_bytree': 0.9542977515465478, 'min_child_weight': 3, 'gamma': 1.4388766929317436}"
1,7,0.46623743556457353,43,217,0.4828165486454964,0.42467433512210845,"{'num_boost_round': 217, 'max_depth': 3, 'learning_rate': 0.04803501460719357, 'subsample': 0.6058140580000295, 'colsample_bytree': 0.6327733296861131, 'min_child_weight': 5, 'gamma': 0.2668127255854019}"
1,8,0.4696881424208767,123,617,0.47252763658761976,0.42467433512210845,"{'num_boost_round': 617, 'max_depth': 4, 'learning_rate': 0.028825793489716388, 'subsample': 0.8498791800104656, 'colsample_bytree': 0.5511672144139129, 'min_child_weight': 5, 'gamma': 3.4720007886387254}"
1,9,0.47650021336845194,94,473,0.487370266020298,0.42467433512210845,"{'num_boost_round': 473, 'max_depth': 3, 'learning_rate': 0.0212559430304812, 'subsample': 0.8318973226098945, 'colsample_bytree': 0.7574445560291543, 'min_child_weight': 10, 'gamma': 2.9327752025099647}"
1,10,0.44806631207466124,104,520,0.4486188068985939,0.42467433512210845,"{'num_boost_round': 520, 'max_depth': 4, 'learning_rate': 0.10465645737282404, 'subsample': 0.7735760174096185, 'colsample_bytree': 1.0, 'min_child_weight': 1, 'gamma': 0.0}"
1,12,0.40659744179099294,200,1000,0.41787601113319395,0.3895820781588554,"{'num_boost_round': 1000, 'max_depth': 10, 'learning_rate': 0.027496050390790828, 'subsample': 1.0, 'colsample_bytree': 1.0, 'min_child_weight': 1, 'gamma': 0.0}"
1,13,0.45978847315528626,200,1000,0.4749356985092163,0.3895820781588554,"{'num_boost_round': 1000, 'max_depth': 7, 'learning_rate': 0.007790326986075026, 'subsample': 1.0, 'colsample_bytree': 1.0, 'min_child_weight': 1, 'gamma': 0.0}"
1,14,0.3968774937407869,200,1000,0.4011846363544464,0.3895820781588554,"{'num_boost_round': 1000, 'max_depth': 8, 'learning_rate': 0.0360788801789804, 'subsample': 1.0, 'colsample_bytree': 1.0, 'min_child_weight': 1, 'gamma': 0.0}"
1,15,0.4103315315979811,124,621,0.43958932906389236,0.3895820781588554,"{'num_boost_round': 621, 'max_depth': 7, 'learning_rate': 0.02548870783591992, 'subsample': 1.0, 'colsample_bytree': 1.0, 'min_child_weight': 1, 'gamma': 0.0}"
1,16,0.41430195840901646,200,1000,0.42251116037368774,0.3895820781588554,"{'num_boost_round': 1000, 'max_depth': 8, 'learning_rate': 0.027480126791087047, 'subsample': 1.0, 'colsample_bytree': 1.0, 'min_child_weight': 7, 'gamma': 0.0}"
1,18,0.3888052660127916,200,1000,0.41161036044359206,0.3719279542565346,"{'num_boost_round': 1000, 'max_depth': 8, 'learning_rate': 0.025293392324547605, 'subsample': 0.5, 'colsample_bytree': 1.0, 'min_child_weight': 1, 'gamma': 0.0}"
1,21,0.37358648751615564,200,1000,0.37963344603776933,0.3670824602246284,"{'num_boost_round': 1000, 'max_depth': 9, 'learning_rate': 0.061820214966032024, 'subsample': 0.6172546788582847, 'colsample_bytree': 0.9072291700127053, 'min_child_weight': 1, 'gamma': 0.0}"
1,22,0.3696188082452671,200,1000,0.37465752214193343,0.3670824602246284,"{'num_boost_round': 1000, 'max_depth': 10, 'learning_rate': 0.07139819872798644, 'subsample': 0.5439753717282293, 'colsample_bytree': 0.5, 'min_child_weight': 1, 'gamma': 0.0}"
1,24,0.4073584449108278,20,100,0.4511365368962288,0.35712939202785493,"{'num_boost_round': 100, 'max_depth': 10, 'learning_rate': 0.08995318645913639, 'subsample': 0.5, 'colsample_bytree': 0.5612811616224164, 'min_child_weight': 1, 'gamma': 0.0}"
1,26,0.36939786040183187,115,577,0.41035144180059435,0.35712939202785493,"{'num_boost_round': 577, 'max_depth': 10, 'learning_rate': 0.03238433340231069, 'subsample': 0.5, 'colsample_bytree': 0.8705308630682831, 'min_child_weight': 1, 'gamma': 0.0}"
1,27,0.37822952587704894,192,964,0.3995214253664017,0.35712939202785493,"{'num_boost_round': 964, 'max_depth': 10, 'learning_rate': 0.042128017759925196, 'subsample': 0.5, 'colsample_bytree': 0.5784991894390834, 'min_child_weight': 7, 'gamma': 0.0}"
1,28,0.3653392536098076,175,877,0.3852176874876022,0.35712939202785493,"{'num_boost_round': 877, 'max_depth': 9, 'learning_rate': 0.042638142383632144, 'subsample': 0.5, 'colsample_bytree': 0.6252419704366239, 'min_child_weight': 1, 'gamma': 0.0}"
1,29,0.4344717964529991,200,1000,0.4345024093985558,0.35712939202785493,"{'num_boost_round': 1000, 'max_depth': 10, 'learning_rate': 0.04261867680354157, 'subsample': 0.5, 'colsample_bytree': 0.6717877994570471, 'min_child_weight': 1, 'gamma': 0.8549189333067548}"
1,31,0.4756501310109028,200,1000,0.4756776049733162,0.35712939202785493,"{'num_boost_round': 1000, 'max_depth': 3, 'learning_rate': 0.3, 'subsample': 1.0, 'colsample_bytree': 0.5, 'min_child_weight': 1, 'gamma': 5.0}"
1,32,0.45802406609650176,200,1000,0.6159371927380561,0.35712939202785493,"{'num_boost_round': 1000, 'max_depth': 3, 'learning_rate': 0.0010000000000000002, 'subsample': 1.0, 'colsample_bytree': 0.5, 'min_child_weight': 10, 'gamma': 5.0}"
1,33,0.47970528226138265,200,1000,0.4797465205192566,0.35712939202785493,"{'num_boost_round': 1000, 'max_depth': 3, 'learning_rate': 0.3, 'subsample': 1.0, 'colsample_bytree': 1.0, 'min_child_weight': 1, 'gamma': 2.3771773668528393}"
1,34,0.4254402369260788,200,1000,0.4259979486465454,0.35712939202785493,"{'num_boost_round': 1000, 'max_depth': 10, 'learning_rate': 0.3, 'subsample': 0.5, 'colsample_bytree': 1.0, 'min_child_weight': 10, 'gamma': 0.0}"
2,3,0.5578457671593351,31,158,0.6453907459974288,0.4861904487013817,"{'num_boost_round': 158, 'max_depth': 6, 'learning_rate': 0.0017342782714957067, 'subsample': 0.5635799858506387, 'colsample_bytree': 0.798372654489298, 'min_child_weight': 3, 'gamma': 0.5347284215499148}"
2,8,0.5043959419478593,64,322,0.5054376870393753,0.4861904487013817,"{'num_boost_round': 322, 'max_depth': 3, 'learning_rate': 0.2896622778296637, 'subsample': 0.9852901566885868, 'colsample_bytree': 0.9001291755662935, 'min_child_weight': 7, 'gamma': 3.8247993022584077}"
2,10,0.493359122816264,63,319,0.4995891809463501,0.4861904487013817,"{'num_boost_round': 319, 'max_depth': 6, 'learning_rate': 0.07169928180075438, 'subsample': 0.5, 'colsample_bytree': 0.5, 'min_child_weight': 1, 'gamma': 3.16592089805195}"
2,13,0.42162531717296264,200,1000,0.42225089073181155,0.3955207586288452,"{'num_boost_round': 1000, 'max_depth': 10, 'learning_rate': 0.23216295363216571, 'subsample': 1.0, 'colsample_bytree': 1.0, 'min_child_weight': 9, 'gamma': 0.0}"
2,14,0.3974834352731705,200,1000,0.39748914539813995,0.3955207586288452,"{'num_boost_round': 1000, 'max_depth': 10, 'learning_rate': 0.1426032389135966, 'subsample': 1.0, 'colsample_bytree': 0.7233782324130755, 'min_child_weight': 1, 'gamma': 0.0}"
2,15,0.4166684202849865,200,1000,0.4168136104941368,0.3955207586288452,"{'num_boost_round': 1000, 'max_depth': 6, 'learning_rate': 0.19482839504295763, 'subsample': 1.0, 'colsample_bytree': 1.0, 'min_child_weight': 1, 'gamma': 0.0}"
2,17,0.41678374955552366,162,810,0.41692453622817993,0.39228945821523664,"{'num_boost_round': 810, 'max_depth': 10, 'learning_rate': 0.19115301941013196, 'subsample': 0.9400582689136115, 'colsample_bytree': 1.0, 'min_child_weight': 1, 'gamma': 0.0}"
2,18,0.39592492487596465,146,730,0.404481902718544,0.39228945821523664,"{'num_boost_round': 730, 'max_depth': 10, 'learning_rate': 0.030884875021962986, 'subsample': 1.0, 'colsample_bytree': 0.6440418567444481, 'min_child_weight': 1, 'gamma': 0.0}"
2,19,0.4646639792351316,20,100,0.5181787744164467,0.39228945821523664,"{'num_boost_round': 100, 'max_depth': 10, 'learning_rate': 0.03318582419518511, 'subsample': 1.0, 'colsample_bytree': 1.0, 'min_child_weight': 1, 'gamma': 0.0}"
2,20,0.39821769279622676,173,869,0.399490712583065,0.39228945821523664,"{'num_boost_round': 869, 'max_depth': 10, 'learning_rate': 0.03994718606261613, 'subsample': 1.0, 'colsample_bytree': 0.8189298144351387, 'min_child_weight': 1, 'gamma': 0.0}"
2,22,0.3927297871101093,200,1000,0.39942020177841187,0.3895241990685463,"{'num_boost_round': 1000, 'max_depth': 10, 'learning_rate': 0.03480371229074737, 'subsample': 1.0, 'colsample_bytree': 0.5, 'min_child_weight': 1, 'gamma': 0.0}"
2,23,0.45829817890235025,200,1000,0.4585520580410957,0.3895241990685463,"{'num_boost_round': 1000, 'max_depth': 10, 'learning_rate': 0.03787924919406195, 'subsample': 1.0, 'colsample_bytree': 0.5, 'min_child_weight': 1, 'gamma': 0.6852629859575045}"
2,24,0.45458623172730883,200,1000,0.6187689393758774,0.3895241990685463,"{'num_boost_round': 1000, 'max_depth': 10, 'learning_rate': 0.0010000000000000002, 'subsample': 0.5, 'colsample_bytree': 1.0, 'min_child_weight': 10, 'gamma': 5.0}"
2,25,0.4217094175471116,200,1000,0.5942967712879181,0.3895241990685463,"{'num_boost_round': 1000, 'max_depth': 3, 'learning_rate': 0.0023545123554763133, 'subsample': 1.0, 'colsample_bytree': 0.5, 'min_child_weight': 1, 'gamma': 0.0}"
2,27,0.4115105942040547,200,1000,0.6242761105298996,0.3895241990685463,"{'num_boost_round': 1000, 'max_depth': 10, 'learning_rate': 0.0010000000000000002, 'subsample': 1.0, 'colsample_bytree': 0.5, 'min_child_weight': 1, 'gamma': 5.0}"
2,28,0.6237166128223882,20,100,0.6533363327383995,0.3895241990685463,"{'num_boost_round': 100, 'max_depth': 10, 'learning_rate': 0.0010000000000000002, 'subsample': 1.0, 'colsample_bytree': 0.5, 'min_child_weight': 1, 'gamma': 5.0}"
2,29,0.5156327575536025,200,1000,0.5156788229942322,0.3895241990685463,"{'num_boost_round': 1000, 'max_depth': 3, 'learning_rate': 0.3, 'subsample': 1.0, 'colsample_bytree': 1.0, 'min_child_weight': 1, 'gamma': 5.0}"
2,30,0.41752676269555183,105,529,0.41776610612869264,0.3895241990685463,"{'num_boost_round': 529, 'max_depth': 10, 'learning_rate': 0.3, 'subsample': 1.0, 'colsample_bytree': 0.5629789512854664, 'min_child_weight': 1, 'gamma': 0.0}"
2,31,0.4011437746614023,121,609,0.436560782790184,0.3895241990685463,"{'num_boost_round': 609, 'max_depth': 10, 'learning_rate': 0.01636396776580891, 'subsample': 1.0, 'colsample_bytree': 1.0, 'min_child_weight': 1, 'gamma': 0.0}"
2,32,0.49302082811481407,200,1000,0.6234595239162445,0.3895241990685463,"{'num_boost_round': 1000, 'max_depth': 10, 'learning_rate': 0.0010000000000000002, 'subsample': 1.0, 'colsample_bytree': 0.5, 'min_child_weight': 10, 'gamma': 4.2490716876863805}"
2,33,0.4932426673322619,116,584,0.4957456186413765,0.3895241990685463,"{'num_boost_round': 584, 'max_depth': 3, 'learning_rate': 0.0545491548850619, 'subsample': 1.0, 'colsample_bytree': 1.0, 'min_child_weight': 1, 'gamma': 0.0}"
2,34,0.43401398816409975,200,1000,0.44867773950099943,0.3895241990685463,"{'num_boost_round': 1000, 'max_depth': 8, 'learning_rate': 0.012277155860023052, 'subsample': 1.0, 'colsample_bytree': 0.5, 'min_child_weight': 1, 'gamma': 0.0}"
3,1,0.42115472294156886,57,286,0.5547466784715652,0.40896540582180024,"{'num_boost_round': 286, 'max_depth': 3, 'learning_rate': 0.012357750793947488, 'subsample': 0.5149381054392834, 'colsample_bytree': 0.7284166121973555, 'min_child_weight': 7, 'gamma': 1.3924364132398765}"
3,4,0.4239358361952056,89,449,0.44587228149175645,0.40896540582180024,"{'num_boost_round': 449, 'max_depth': 10, 'learning_rate': 0.26161280994028197, 'subsample': 0.8361918379564068, 'colsample_bytree': 0.9514170542691991, 'min_child_weight': 9, 'gamma': 1.8899702066444457}"
3,5,0.4455163723729987,36,183,0.5308791518211364,0.40896540582180024,"{'num_boost_round': 183, 'max_depth': 8, 'learning_rate': 0.024090133640448385, 'subsample': 0.680782381531289, 'colsample_bytree': 0.6125272524199159, 'min_child_weight': 5, 'gamma': 2.3447012434958454}"
3,6,0.45617742212636914,68,342,0.5125998660922051,0.40896540582180024,"{'num_boost_round': 342, 'max_depth': 5, 'learning_rate': 0.013606446167430572, 'subsample': 0.9302669564734632, 'colsample_bytree': 0.7931264522339108, 'min_child_weight': 3, 'gamma': 1.3898875331180065}"
3,8,0.4415928333997726,147,737,0.4417820692062378,0.40896540582180024,"{'num_boost_round': 737, 'max_depth': 8, 'learning_rate': 0.051513489017294814, 'subsample': 0.8445902068774571, 'colsample_bytree': 0.6868000620744641, 'min_child_weight': 7, 'gamma': 1.6992433197840895}"
3,9,0.45543759139081236,123,616,0.48896374404430387,0.40896540582180024,"{'num_boost_round': 616, 'max_depth': 5, 'learning_rate': 0.012667131030251346, 'subsample': 0.5307644654149697, 'colsample_bytree': 0.6213377110921691, 'min_child_weight': 10, 'gamma': 1.15292102177537}"
3,10,0.45515840541572805,60,302,0.5016428589820862,0.40896540582180024,"{'num_boost_round': 302, 'max_depth': 5, 'learning_rate': 0.017154970695305312, 'subsample': 0.5304327888484696, 'colsample_bytree': 0.9773046378365817, 'min_child_weight': 10, 'gamma': 0.7748547880413483}"
3,12,0.43808840760429935,200,1000,0.44517832398414614,0.3962587654590607,"{'num_boost_round': 1000, 'max_depth': 10, 'learning_rate': 0.014497911119955399, 'subsample': 0.8488901624367418, 'colsample_bytree': 1.0, 'min_child_weight': 10, 'gamma': 1.93602248416302}"
3,13,0.40532994532092465,105,529,0.47709540724754335,0.3962587654590607,"{'num_boost_round': 529, 'max_depth': 10, 'learning_rate': 0.008860417687446302, 'subsample': 0.9689741999187176, 'colsample_bytree': 1.0, 'min_child_weight': 10, 'gamma': 0.0}"
3,16,0.3820838164041882,70,353,0.3924089282751083,0.35080703645944594,"{'num_boost_round': 353, 'max_depth': 10, 'learning_rate': 0.05380720723229958, 'subsample': 0.8295810473314098, 'colsample_bytree': 0.8959968979824591, 'min_child_weight': 10, 'gamma': 0.0}"
3,18,0.3761375486850738,137,685,0.3761375486850739,0.35080703645944594,"{'num_boost_round': 685, 'max_depth': 10, 'learning_rate': 0.0529078668225085, 'subsample': 0.9881459423065664, 'colsample_bytree': 0.8943131527035338, 'min_child_weight': 10, 'gamma': 0.0}"
3,21,0.3401553155106531,139,699,0.3407411426305771,0.33835977017879487,"{'num_boost_round': 699, 'max_depth': 10, 'learning_rate': 0.116996035941865, 'subsample': 0.790428039793113, 'colsample_bytree': 0.9388173710653007, 'min_child_weight': 1, 'gamma': 0.0}"
3,22,0.34167269884742507,143,715,0.3470984160900116,0.33835977017879487,"{'num_boost_round': 715, 'max_depth': 10, 'learning_rate': 0.045961679518059566, 'subsample': 0.798908509128, 'colsample_bytree': 0.925895688382597, 'min_child_weight': 1, 'gamma': 0.0}"
3,24,0.34149464575395977,134,671,0.3567787766456604,0.3349576070904732,"{'num_boost_round': 671, 'max_depth': 7, 'learning_rate': 0.10011521565497356, 'subsample': 0.8150573650066351, 'colsample_bytree': 0.9226803657889682, 'min_child_weight': 4, 'gamma': 0.0}"
3,25,0.4569066256284714,200,1000,0.4634347379207611,0.3349576070904732,"{'num_boost_round': 1000, 'max_depth': 3, 'learning_rate': 0.3, 'subsample': 0.5, 'colsample_bytree': 1.0, 'min_child_weight': 1, 'gamma': 5.0}"
3,26,0.44364966004318557,20,100,0.4496442288160324,0.3349576070904732,"{'num_boost_round': 100, 'max_depth': 3, 'learning_rate': 0.3, 'subsample': 0.5, 'colsample_bytree': 0.5, 'min_child_weight': 1, 'gamma': 0.0}"
3,27,0.33568472192589055,133,666,0.3371614798903465,0.3349576070904732,"{'num_boost_round': 666, 'max_depth': 10, 'learning_rate': 0.08687876361089791, 'subsample': 0.8420459185667906, 'colsample_bytree': 0.9498192898758178, 'min_child_weight': 4, 'gamma': 0.0}"
3,29,0.3471307233830228,131,657,0.3492417722940445,0.3348783031105995,"{'num_boost_round': 657, 'max_depth': 10, 'learning_rate': 0.07698637961884221, 'subsample': 0.8092162456351114, 'colsample_bytree': 0.9392070529961022, 'min_child_weight': 5, 'gamma': 0.0}"
3,30,0.35171089061951455,163,816,0.35184524282813073,0.3348783031105995,"{'num_boost_round': 816, 'max_depth': 10, 'learning_rate': 0.3, 'subsample': 0.9121231191552039, 'colsample_bytree': 1.0, 'min_child_weight': 1, 'gamma': 0.0}"
3,31,0.3921737985689975,200,1000,0.4258952155709267,0.3348783031105995,"{'num_boost_round': 1000, 'max_depth': 3, 'learning_rate': 0.3, 'subsample': 0.6819471251716709, 'colsample_bytree': 1.0, 'min_child_weight': 1, 'gamma': 0.0}"
3,32,0.35875150244733994,123,615,0.35918492674827573,0.3348783031105995,"{'num_boost_round': 615, 'max_depth': 10, 'learning_rate': 0.3, 'subsample': 0.8639184594023304, 'colsample_bytree': 0.8837049947693134, 'min_child_weight': 1, 'gamma': 0.0}"
3,33,0.3398195842013328,135,678,0.3411188587546349,0.3348783031105995,"{'num_boost_round': 678, 'max_depth': 10, 'learning_rate': 0.07563206180141394, 'subsample': 0.8327521167295386, 'colsample_bytree': 1.0, 'min_child_weight': 1, 'gamma': 0.0}"
3,34,0.4699301853775978,20,100,0.4706788882613182,0.3348783031105995,"{'num_boost_round': 100, 'max_depth': 3, 'learning_rate': 0.3, 'subsample': 0.5, 'colsample_bytree': 0.5, 'min_child_weight': 10, 'gamma': 5.0}"
4,2,0.5957654733626221,49,247,0.6758176058530807,0.47695971429347994,"{'num_boost_round': 247, 'max_depth': 7, 'learning_rate': 0.0010525910028917511, 'subsample': 0.6932856413218147, 'colsample_bytree': 0.5220800289657498, 'min_child_weight': 10, 'gamma': 2.1807332343989883}"
4,6,0.4706530698939806,158,791,0.5118923380970954,0.4332884579896927,"{'num_boost_round': 791, 'max_depth': 4, 'learning_rate': 0.008518178158168195, 'subsample': 0.7512665296634672, 'colsample_bytree': 0.843333539958173, 'min_child_weight': 3, 'gamma': 2.7737043147127927}"
4,8,0.4572680726647377,185,927,0.45866796746850014,0.43223834335803984,"{'num_boost_round': 927, 'max_depth': 6, 'learning_rate': 0.11388763989683319, 'subsample': 0.7083881523391813, 'colsample_bytree': 0.9523337943716834, 'min_child_weight': 5, 'gamma': 1.6558725154556138}"
4,9,0.45543642044067384,123,615,0.4572653442621231,0.43223834335803984,"{'num_boost_round': 615, 'max_depth': 9, 'learning_rate': 0.13578032762828077, 'subsample': 0.7978440585341673, 'colsample_bytree': 0.5423308055102052, 'min_child_weight': 6, 'gamma': 1.2272685429155106}"
4,11,0.3601140393491172,200,1000,0.3601888298988342,0.3433123826980591,"{'num_boost_round': 1000, 'max_depth': 10, 'learning_rate': 0.12882274739546304, 'subsample': 0.7270538746280781, 'colsample_bytree': 0.5, 'min_child_weight': 2, 'gamma': 0.0}"
4,13,0.39015324614520797,200,1000,0.5955208018422127,0.3433123826980591,"{'num_boost_round': 1000, 'max_depth': 10, 'learning_rate': 0.0020285353590288953, 'subsample': 0.7310183706612641, 'colsample_bytree': 0.5, 'min_child_weight': 2, 'gamma': 0.0}"
4,14,0.35193906165050753,174,870,0.36302929669618605,0.3433123826980591,"{'num_boost_round': 870, 'max_depth': 10, 'learning_rate': 0.028193913949817257, 'subsample': 1.0, 'colsample_bytree': 0.5, 'min_child_weight': 1, 'gamma': 0.0}"
4,15,0.35908361825165147,200,1000,0.37325606048107146,0.3433123826980591,"{'num_boost_round': 1000, 'max_depth': 10, 'learning_rate': 0.02605373399737785, 'subsample': 0.7740440262704184, 'colsample_bytree': 0.5, 'min_child_weight': 2, 'gamma': 0.0}"
4,16,0.3695898689329624,176,882,0.36959571316838263,0.3433123826980591,"{'num_boost_round': 882, 'max_depth': 10, 'learning_rate': 0.22780078117078947, 'subsample': 0.9753609599015483, 'colsample_bytree': 0.5, 'min_child_weight': 3, 'gamma': 0.0}"
4,17,0.35428926053717064,200,1000,0.3599842369556427,0.3433123826980591,"{'num_boost_round': 1000, 'max_depth': 10, 'learning_rate': 0.034195727695604534, 'subsample': 1.0, 'colsample_bytree': 0.7359840235204295, 'min_child_weight': 2, 'gamma': 0.0}"
4,19,0.4363770582244489,20,100,0.5517350062727928,0.3433123826980591,"{'num_boost_round': 100, 'max_depth': 10, 'learning_rate': 0.02840906370847004, 'subsample': 1.0, 'colsample_bytree': 0.5, 'min_child_weight': 1, 'gamma': 0.0}"
4,20,0.37934770793765593,149,746,0.3797542408108711,0.3433123826980591,"{'num_boost_round': 746, 'max_depth': 10, 'learning_rate': 0.3, 'subsample': 0.5, 'colsample_bytree': 1.0, 'min_child_weight': 1, 'gamma': 0.0}"
4,21,0.3934768174401027,109,546,0.3957617089152336,0.3433123826980591,"{'num_boost_round': 546, 'max_depth': 10, 'learning_rate': 0.3, 'subsample': 0.5, 'colsample_bytree': 0.5, 'min_child_weight': 1, 'gamma': 0.0}"
4,22,0.3536885687516649,200,1000,0.3588911980390549,0.3433123826980591,"{'num_boost_round': 1000, 'max_depth': 10, 'learning_rate': 0.035430784035024296, 'subsample': 1.0, 'colsample_bytree': 0.5, 'min_child_weight': 2, 'gamma': 0.0}"
4,23,0.3731888806873788,20,100,0.4916516274213791,0.3433123826980591,"{'num_boost_round': 100, 'max_depth': 3, 'learning_rate': 0.3, 'subsample': 0.5, 'colsample_bytree': 1.0, 'min_child_weight': 1, 'gamma': 0.0}"
4,25,0.38398256304294553,200,1000,0.39321732372045515,0.3433123826980591,"{'num_boost_round': 1000, 'max_depth': 10, 'learning_rate': 0.019310743873047966, 'subsample': 1.0, 'colsample_bytree': 1.0, 'min_child_weight': 6, 'gamma': 0.0}"
4,27,0.4580122822508318,200,1000,0.46176488921046255,0.3433123826980591,"{'num_boost_round': 1000, 'max_depth': 3, 'learning_rate': 0.29999999999999977, 'subsample': 0.5, 'colsample_bytree': 1.0, 'min_child_weight': 1, 'gamma': 0.0}"
4,31,0.3581610706457476,180,902,0.3670548811554909,0.34318421483039857,"{'num_boost_round': 902, 'max_depth': 10, 'learning_rate': 0.03230274995646163, 'subsample': 1.0, 'colsample_bytree': 0.5928537723584569, 'min_child_weight': 3, 'gamma': 0.0}"
4,33,0.4963884280095908,200,1000,0.639209695160389,0.34318421483039857,"{'num_boost_round': 1000, 'max_depth': 10, 'learning_rate': 0.0010000000000000002, 'subsample': 1.0, 'colsample_bytree': 1.0, 'min_child_weight': 1, 'gamma': 5.0}"
4,34,0.6462295791535551,20,100,0.6820606902241707,0.34318421483039857,"{'num_boost_round': 100, 'max_depth': 3, 'learning_rate': 0.0010000000000000002, 'subsample': 0.5, 'colsample_bytree': 1.0, 'min_child_weight': 1, 'gamma': 0.0}"
5,3,0.5399530055303137,67,339,0.635952478647232,0.4756999179720879,"{'num_boost_round': 339, 'max_depth': 5, 'learning_rate': 0.004247845715154679, 'subsample': 0.6637819738443671, 'colsample_bytree': 0.5720821503267102, 'min_child_weight': 2, 'gamma': 4.819652645339709}"
5,5,0.4918847075598221,124,620,0.49980698972940446,0.4756999179720879,"{'num_boost_round': 620, 'max_depth': 3, 'learning_rate': 0.018918563767831985, 'subsample': 0.8198975880654286, 'colsample_bytree': 0.9928122014020944, 'min_child_weight': 3, 'gamma': 4.0124844263143515}"
5,8,0.4841356426477432,193,969,0.4846240937709808,0.4557429850101471,"{'num_boost_round': 969, 'max_depth': 8, 'learning_rate': 0.10543051933236099, 'subsample': 0.7830409980463782, 'colsample_bytree': 0.8176781027909465, 'min_child_weight': 9, 'gamma': 4.633413076219371}"
5,13,0.4200563349733454,200,1000,0.4206214427947998,0.3829095184803009,"{'num_boost_round': 1000, 'max_depth': 10, 'learning_rate': 0.29999999999999977, 'subsample': 0.5, 'colsample_bytree': 1.0, 'min_child_weight': 1, 'gamma': 0.0}"
5,15,0.37566054107339125,122,614,0.38834706097841265,0.3740080654621124,"{'num_boost_round': 614, 'max_depth': 10, 'learning_rate': 0.12359842666333574, 'subsample': 0.5, 'colsample_bytree': 0.5, 'min_child_weight': 1, 'gamma': 0.0}"
5,17,0.40341727623871254,194,971,0.405316349118948,0.37223831862211226,"{'num_boost_round': 971, 'max_depth': 10, 'learning_rate': 0.12083542452693671, 'subsample': 0.6503462679679423, 'colsample_bytree': 0.5, 'min_child_weight': 7, 'gamma': 0.0}"
5,18,0.41890830080883923,193,967,0.4198847234249115,0.37223831862211226,"{'num_boost_round': 967, 'max_depth': 5, 'learning_rate': 0.12296672015953, 'subsample': 0.651056533926702, 'colsample_bytree': 0.5, 'min_child_weight': 1, 'gamma': 0.0}"
5,20,0.3663140117753539,44,221,0.37611576467752456,0.35623508542776106,"{'num_boost_round': 221, 'max_depth': 10, 'learning_rate': 0.11859343442718628, 'subsample': 1.0, 'colsample_bytree': 0.772717400726309, 'min_child_weight': 1, 'gamma': 0.0}"
5,21,0.36114845065379914,165,825,0.36144265681505205,0.35623508542776106,"{'num_boost_round': 825, 'max_depth': 10, 'learning_rate': 0.11192704398555639, 'subsample': 1.0, 'colsample_bytree': 0.8022052868373197, 'min_child_weight': 1, 'gamma': 0.0}"
5,22,0.3606852229569982,115,578,0.36804412454366686,0.35623508542776106,"{'num_boost_round': 578, 'max_depth': 10, 'learning_rate': 0.09069733854215174, 'subsample': 0.8940496121444721, 'colsample_bytree': 0.6678745259063437, 'min_child_weight': 1, 'gamma': 0.0}"
5,23,0.35797314904691346,119,599,0.3603213936090469,0.35623508542776106,"{'num_boost_round': 599, 'max_depth': 10, 'learning_rate': 0.11596126841744492, 'subsample': 0.7975469458105959, 'colsample_bytree': 0.7638207296949606, 'min_child_weight': 1, 'gamma': 0.0}"
5,24,0.3636564642190933,121,608,0.3636674672365189,0.35623508542776106,"{'num_boost_round': 608, 'max_depth': 10, 'learning_rate': 0.1277046774203302, 'subsample': 0.9666273626647752, 'colsample_bytree': 0.6516155712959877, 'min_child_weight': 1, 'gamma': 0.0}"
5,25,0.3993774546429396,122,614,0.4322519451379776,0.35623508542776106,"{'num_boost_round': 614, 'max_depth': 10, 'learning_rate': 0.11223020045357665, 'subsample': 0.8182701563067138, 'colsample_bytree': 0.7276299811832099, 'min_child_weight': 1, 'gamma': 0.6857309992309171}"
5,26,0.37403306026227184,117,585,0.3775025472044945,0.35623508542776106,"{'num_boost_round': 585, 'max_depth': 10, 'learning_rate': 0.09504279404005116, 'subsample': 0.7577634098503399, 'colsample_bytree': 0.7808316804522197, 'min_child_weight': 1, 'gamma': 0.0}"
5,27,0.42301409711629917,20,100,0.4689489647746086,0.35623508542776106,"{'num_boost_round': 100, 'max_depth': 10, 'learning_rate': 0.08396705397682114, 'subsample': 1.0, 'colsample_bytree': 0.5, 'min_child_weight': 1, 'gamma': 0.0}"
5,28,0.3654919411159805,20,100,0.3760485827922821,0.35623508542776106,"{'num_boost_round': 100, 'max_depth': 10, 'learning_rate': 0.2464458033839625, 'subsample': 1.0, 'colsample_bytree': 1.0, 'min_child_weight': 1, 'gamma': 0.0}"
5,29,0.37492195544902834,90,450,0.37504029721021653,0.35623508542776106,"{'num_boost_round': 450, 'max_depth': 10, 'learning_rate': 0.14258105940593088, 'subsample': 1.0, 'colsample_bytree': 1.0, 'min_child_weight': 1, 'gamma': 0.0}"
5,30,0.36432142152779556,20,100,0.42758211493492126,0.35623508542776106,"{'num_boost_round': 100, 'max_depth': 10, 'learning_rate': 0.3, 'subsample': 1.0, 'colsample_bytree': 1.0, 'min_child_weight': 10, 'gamma': 0.0}"
5,31,0.4782034486532211,20,100,0.47862386256456374,0.35623508542776106,"{'num_boost_round': 100, 'max_depth': 3, 'learning_rate': 0.3, 'subsample': 1.0, 'colsample_bytree': 1.0, 'min_child_weight': 10, 'gamma': 0.0}"
5,32,0.36716619422471464,61,305,0.3681804984807968,0.35623508542776106,"{'num_boost_round': 305, 'max_depth': 10, 'learning_rate': 0.3, 'subsample': 1.0, 'colsample_bytree': 0.7365136610633767, 'min_child_weight': 1, 'gamma': 0.0}"
5,33,0.45089098513126374,20,100,0.4559437483549118,0.35623508542776106,"{'num_boost_round': 100, 'max_depth': 10, 'learning_rate': 0.25363156063378794, 'subsample': 0.5, 'colsample_bytree': 0.9030901439121155, 'min_child_weight': 6, 'gamma': 0.0}"
5,34,0.3745876471791115,187,935,0.37476388216018675,0.35623508542776106,"{'num_boost_round': 935, 'max_depth': 10, 'learning_rate': 0.16303393356760212, 'subsample': 0.8912014365510063, 'colsample_bytree': 0.7367082907037035, 'min_child_weight': 1, 'gamma': 0.0}"
10,2,0.5058898463845253,166,832,0.5074762359261513,0.501943302154541,"{'num_boost_round': 832, 'max_depth': 7, 'learning_rate': 0.06135859938184879, 'subsample': 0.6459380340853166, 'colsample_bytree': 0.9588870612564717, 'min_child_weight': 8, 'gamma': 2.7127218400563065}"
10,3,0.5086429093408101,45,228,0.5273432284593582,0.501943302154541,"{'num_boost_round': 228, 'max_depth': 5, 'learning_rate': 0.04676389819710304, 'subsample': 0.720916587211498, 'colsample_bytree': 0.7170069966666468, 'min_child_weight': 7, 'gamma': 2.5656912127719544}"
10,5,0.5164239466190338,74,370,0.5176338762044906,0.4539950922131538,"{'num_boost_round': 370, 'max_depth': 3, 'learning_rate': 0.11291304690347635, 'subsample': 0.5234481596946249, 'colsample_bytree': 0.8131435741556963, 'min_child_weight': 6, 'gamma': 4.096434978350343}"
10,7,0.5673695309848472,49,248,0.6931097880005836,0.4539950922131538,"{'num_boost_round': 248, 'max_depth': 6, 'learning_rate': 0.0017041690759878874, 'subsample': 0.9105528289184642, 'colsample_bytree': 0.5755760098212819, 'min_child_weight': 4, 'gamma': 4.721303561194006}"
10,8,0.5120043337345124,197,989,0.5136132732033729,0.4539950922131538,"{'num_boost_round': 989, 'max_depth': 6, 'learning_rate': 0.11127726822172085, 'subsample': 0.6256870671035297, 'colsample_bytree': 0.7986858241154422, 'min_child_weight': 10, 'gamma': 2.6727897440090755}"
10,9,0.4895461354704327,126,631,0.5823017284274101,0.4539950922131538,"{'num_boost_round': 631, 'max_depth': 3, 'learning_rate': 0.007669773276520257, 'subsample': 0.5398065450779821, 'colsample_bytree': 0.6527299591714091, 'min_child_weight': 4, 'gamma': 3.8691514810529792}"
10,11,0.45185510367155074,52,260,0.45185510367155074,0.4295738786458969,"{'num_boost_round': 260, 'max_depth': 10, 'learning_rate': 0.3, 'subsample': 0.7005248781320538, 'colsample_bytree': 1.0, 'min_child_weight': 1, 'gamma': 0.0}"
10,12,0.44566322299122674,172,863,0.4457605674862862,0.4295738786458969,"{'num_boost_round': 863, 'max_depth': 10, 'learning_rate': 0.3, 'subsample': 0.7908773174984988, 'colsample_bytree': 1.0, 'min_child_weight': 3, 'gamma': 0.0}"
10,13,0.43289275721713666,136,683,0.43310453072190286,0.4295738786458969,"{'num_boost_round': 683, 'max_depth': 10, 'learning_rate': 0.3, 'subsample': 0.6537281766315864, 'colsample_bytree': 1.0, 'min_child_weight': 2, 'gamma': 0.0}"
10,14,0.44477490666836683,111,556,0.44778296872973444,0.4295738786458969,"{'num_boost_round': 556, 'max_depth': 10, 'learning_rate': 0.3, 'subsample': 0.7149173588259666, 'colsample_bytree': 1.0, 'min_child_weight': 7, 'gamma': 0.0}"
10,15,0.4358919029521006,121,606,0.43600533306598666,0.4295738786458969,"{'num_boost_round': 606, 'max_depth': 10, 'learning_rate': 0.29999999999999977, 'subsample': 0.7398590457368602, 'colsample_bytree': 0.8028954661378611, 'min_child_weight': 1, 'gamma': 0.0}"
10,17,0.45071726230708953,131,656,0.4859376326203346,0.4295738786458969,"{'num_boost_round': 656, 'max_depth': 10, 'learning_rate': 0.013265303612835686, 'subsample': 0.5, 'colsample_bytree': 1.0, 'min_child_weight': 1, 'gamma': 0.0}"
10,18,0.4382846685482204,122,613,0.4396306984126568,0.4295738786458969,"{'num_boost_round': 613, 'max_depth': 10, 'learning_rate': 0.3, 'subsample': 0.7389270083952818, 'colsample_bytree': 1.0, 'min_child_weight': 1, 'gamma': 0.0}"
10,19,0.47986189224662196,176,882,0.5249697871506214,0.4295738786458969,"{'num_boost_round': 882, 'max_depth': 3, 'learning_rate': 0.3, 'subsample': 0.5043162603205836, 'colsample_bytree': 0.5, 'min_child_weight': 1, 'gamma': 0.0}"
10,20,0.6739041948063709,20,100,0.7050458624958992,0.4295738786458969,"{'num_boost_round': 100, 'max_depth': 10, 'learning_rate': 0.0010000000000000002, 'subsample': 0.5, 'colsample_bytree': 0.5, 'min_child_weight': 10, 'gamma': 0.0}"
10,21,0.44305607866080665,32,162,0.4639703407883644,0.4295738786458969,"{'num_boost_round': 162, 'max_depth': 10, 'learning_rate': 0.3, 'subsample': 1.0, 'colsample_bytree': 1.0, 'min_child_weight': 10, 'gamma': 0.0}"
10,22,0.45347094816862993,69,347,0.4555130057036877,0.4295738786458969,"{'num_boost_round': 347, 'max_depth': 10, 'learning_rate': 0.3, 'subsample': 0.9265003494793518, 'colsample_bytree': 0.5, 'min_child_weight': 6, 'gamma': 0.0}"
10,23,0.4367722406042905,160,802,0.4373182997107506,0.4295738786458969,"{'num_boost_round': 802, 'max_depth': 10, 'learning_rate': 0.3, 'subsample': 1.0, 'colsample_bytree': 1.0, 'min_child_weight': 10, 'gamma': 0.0}"
10,24,0.4832314235838599,104,522,0.4916395768523216,0.4295738786458969,"{'num_boost_round': 522, 'max_depth': 3, 'learning_rate': 0.3, 'subsample': 1.0, 'colsample_bytree': 1.0, 'min_child_weight': 10, 'gamma': 0.0}"
10,25,0.522426512251538,110,554,0.5224930554628372,0.4295738786458969,"{'num_boost_round': 554, 'max_depth': 10, 'learning_rate': 0.3, 'subsample': 1.0, 'colsample_bytree': 1.0, 'min_child_weight': 10, 'gamma': 5.0}"
10,26,0.4405511411044287,194,972,0.44616603553295137,0.4295738786458969,"{'num_boost_round': 972, 'max_depth': 10, 'learning_rate': 0.10745265857879406, 'subsample': 0.5, 'colsample_bytree': 1.0, 'min_child_weight': 1, 'gamma': 0.0}"
10,29,0.44494135866196416,181,907,0.44579886794090273,0.42957205325365067,"{'num_boost_round': 907, 'max_depth': 8, 'learning_rate': 0.2274872306837559, 'subsample': 0.5, 'colsample_bytree': 1.0, 'min_child_weight': 1, 'gamma': 0.0}"
10,30,0.43955237544852277,129,646,0.439797842502594,0.42957205325365067,"{'num_boost_round': 646, 'max_depth': 10, 'learning_rate': 0.14156250334755993, 'subsample': 1.0, 'colsample_bytree': 1.0, 'min_child_weight': 1, 'gamma': 0.0}"
10,31,0.45563240636381613,127,638,0.4556452505290508,0.42957205325365067,"{'num_boost_round': 638, 'max_depth': 8, 'learning_rate': 0.3, 'subsample': 1.0, 'colsample_bytree': 1.0, 'min_child_weight': 1, 'gamma': 0.0}"
10,32,0.4683445508440214,20,100,0.48494166135787964,0.42957205325365067,"{'num_boost_round': 100, 'max_depth': 10, 'learning_rate': 0.10067958011979057, 'subsample': 0.5, 'colsample_bytree': 1.0, 'min_child_weight': 1, 'gamma': 0.0}"
20,4,0.48211992904080686,103,515,0.4829507634043694,0.4755851089954376,"{'num_boost_round': 515, 'max_depth': 6, 'learning_rate': 0.0481929731609724, 'subsample': 0.825392957061665, 'colsample_bytree': 0.634397619372177, 'min_child_weight': 1, 'gamma': 3.857225691792814}"
20,5,0.4813171438232976,106,533,0.49279058575630186,0.4755851089954376,"{'num_boost_round': 533, 'max_depth': 5, 'learning_rate': 0.0184043216082662, 'subsample': 0.6318144143300284, 'colsample_bytree': 0.6552557750231487, 'min_child_weight': 7, 'gamma': 2.7872490528614122}"
20,8,0.48186126807985546,139,698,0.49664470851421355,0.4755851089954376,"{'num_boost_round': 698, 'max_depth': 8, 'learning_rate': 0.011333216071810013, 'subsample': 0.7567841668788716, 'colsample_bytree': 0.7506289218580486, 'min_child_weight': 1, 'gamma': 3.5405804759075696}"
20,10,0.4448418669997015,192,962,0.46349005997180937,0.44456613510847093,"{'num_boost_round': 962, 'max_depth': 9, 'learning_rate': 0.009327235039392893, 'subsample': 0.7106029560231473, 'colsample_bytree': 0.7266343585606431, 'min_child_weight': 7, 'gamma': 0.0}"
20,13,0.4108970129176837,200,1000,0.4152296409010887,0.3873421370983124,"{'num_boost_round': 1000, 'max_depth': 10, 'learning_rate': 0.12397631617061078, 'subsample': 0.5, 'colsample_bytree': 0.5, 'min_child_weight': 1, 'gamma': 0.0}"
20,14,0.42231260871488097,200,1000,0.4345765322446823,0.3873421370983124,"{'num_boost_round': 1000, 'max_depth': 7, 'learning_rate': 0.02850917025496073, 'subsample': 0.5, 'colsample_bytree': 0.5, 'min_child_weight': 1, 'gamma': 0.0}"
20,15,0.41111267742192237,200,1000,0.4162393420934677,0.3873421370983124,"{'num_boost_round': 1000, 'max_depth': 10, 'learning_rate': 0.034576405539193, 'subsample': 0.5, 'colsample_bytree': 0.6788854147674015, 'min_child_weight': 1, 'gamma': 0.0}"
20,16,0.4030973030831797,200,1000,0.4402377486228943,0.3873421370983124,"{'num_boost_round': 1000, 'max_depth': 10, 'learning_rate': 0.029436187389055, 'subsample': 0.5, 'colsample_bytree': 0.5, 'min_child_weight': 6, 'gamma': 0.0}"
20,18,0.43371451666857636,200,1000,0.6204331770539284,0.3873421370983124,"{'num_boost_round': 1000, 'max_depth': 10, 'learning_rate': 0.0010000000000000002, 'subsample': 0.5, 'colsample_bytree': 0.5, 'min_child_weight': 1, 'gamma': 0.0}"
20,19,0.48364404290914537,20,100,0.49531129002571106,0.3873421370983124,"{'num_boost_round': 100, 'max_depth': 3, 'learning_rate': 0.29999999999999977, 'subsample': 0.5, 'colsample_bytree': 1.0, 'min_child_weight': 1, 'gamma': 0.0}"
20,20,0.48712770342826844,200,1000,0.49131031185388563,0.3873421370983124,"{'num_boost_round': 1000, 'max_depth': 10, 'learning_rate': 0.3, 'subsample': 0.5, 'colsample_bytree': 0.5, 'min_child_weight': 1, 'gamma': 5.0}"
20,21,0.41244498117788775,200,1000,0.42560010999441145,0.3873421370983124,"{'num_boost_round': 1000, 'max_depth': 10, 'learning_rate': 0.01239373379412962, 'subsample': 1.0, 'colsample_bytree': 0.5, 'min_child_weight': 1, 'gamma': 0.0}"
20,22,0.4226708215993601,200,1000,0.434172123670578,0.3873421370983124,"{'num_boost_round': 1000, 'max_depth': 10, 'learning_rate': 0.015059727994908022, 'subsample': 0.5, 'colsample_bytree': 0.5, 'min_child_weight': 1, 'gamma': 0.0}"
20,23,0.46028132397535004,200,1000,0.4724731661379337,0.3873421370983124,"{'num_boost_round': 1000, 'max_depth': 10, 'learning_rate': 0.29999999999999977, 'subsample': 0.5, 'colsample_bytree': 0.5, 'min_child_weight': 10, 'gamma': 0.0}"
20,24,0.43468234018603175,20,100,0.5338577553629875,0.3873421370983124,"{'num_boost_round': 100, 'max_depth': 10, 'learning_rate': 0.03738995150170815, 'subsample': 0.5, 'colsample_bytree': 0.5, 'min_child_weight': 1, 'gamma': 0.0}"
20,25,0.6217513378602169,20,100,0.6565674036741257,0.3873421370983124,"{'num_boost_round': 100, 'max_depth': 10, 'learning_rate': 0.0010000000000000002, 'subsample': 1.0, 'colsample_bytree': 0.5, 'min_child_weight': 10, 'gamma': 0.0}"
20,26,0.41866503059864046,200,1000,0.41866503059864046,0.3873421370983124,"{'num_boost_round': 1000, 'max_depth': 10, 'learning_rate': 0.07571860808324267, 'subsample': 1.0, 'colsample_bytree': 1.0, 'min_child_weight': 1, 'gamma': 0.0}"
20,28,0.38381895088116397,200,1000,0.39306377470493314,0.3822400256991386,"{'num_boost_round': 1000, 'max_depth': 10, 'learning_rate': 0.04361518225679226, 'subsample': 0.9117929473411285, 'colsample_bytree': 0.5, 'min_child_weight': 3, 'gamma': 0.0}"
20,29,0.3825673520481683,200,1000,0.38275122493505476,0.3822400256991386,"{'num_boost_round': 1000, 'max_depth': 10, 'learning_rate': 0.05273849175757872, 'subsample': 1.0, 'colsample_bytree': 0.5, 'min_child_weight': 1, 'gamma': 0.0}"
20,30,0.38653286551812954,200,1000,0.3887838512659073,0.3822400256991386,"{'num_boost_round': 1000, 'max_depth': 10, 'learning_rate': 0.044990349754763494, 'subsample': 1.0, 'colsample_bytree': 0.5, 'min_child_weight': 2, 'gamma': 0.0}"
20,31,0.3829432460137025,200,1000,0.3837233200669289,0.3822400256991386,"{'num_boost_round': 1000, 'max_depth': 10, 'learning_rate': 0.05343585106768681, 'subsample': 1.0, 'colsample_bytree': 0.5, 'min_child_weight': 1, 'gamma': 0.0}"
20,32,0.3838083768171886,200,1000,0.3852700173854828,0.3822400256991386,"{'num_boost_round': 1000, 'max_depth': 10, 'learning_rate': 0.049959612705547336, 'subsample': 1.0, 'colsample_bytree': 0.5, 'min_child_weight': 1, 'gamma': 0.0}"
20,34,0.383518036245447,172,864,0.38770796209573744,0.3822400256991386,"{'num_boost_round': 864, 'max_depth': 10, 'learning_rate': 0.04251222521701693, 'subsample': 1.0, 'colsample_bytree': 0.5, 'min_child_weight': 1, 'gamma': 0.0}"
40,1,0.48321152212831503,132,662,0.4842399567365646,0.47507011890411377,"{'num_boost_round': 662, 'max_depth': 9, 'learning_rate': 0.05010761889195156, 'subsample': 0.9904694315939025, 'colsample_bytree': 0.8004080461079566, 'min_child_weight': 9, 'gamma': 3.5432257608159934}"
40,3,0.48259166330099107,100,504,0.4828487604856491,0.47507011890411377,"{'num_boost_round': 504, 'max_depth': 8, 'learning_rate': 0.23528469750865158, 'subsample': 0.9166666253620668, 'colsample_bytree': 0.7541549824788003, 'min_child_weight': 7, 'gamma': 4.175173430048348}"
40,8,0.4694316751860882,186,934,0.4960389494895935,0.4157435014843941,"{'num_boost_round': 934, 'max_depth': 6, 'learning_rate': 0.010258606861844067, 'subsample': 0.5854525253533932, 'colsample_bytree': 0.5661725706134835, 'min_child_weight': 6, 'gamma': 1.703720743130146}"
40,11,0.4237130233373743,200,1000,0.4294272944331169,0.3875317335128784,"{'num_boost_round': 1000, 'max_depth': 4, 'learning_rate': 0.3, 'subsample': 0.9437452553516548, 'colsample_bytree': 0.8006563331624816, 'min_child_weight': 8, 'gamma': 0.0}"
40,12,0.40224840006363616,200,1000,0.4038959205150604,0.3875317335128784,"{'num_boost_round': 1000, 'max_depth': 10, 'learning_rate': 0.3, 'subsample': 0.5, 'colsample_bytree': 0.9359788683081804, 'min_child_weight': 4, 'gamma': 0.0}"
40,13,0.4119700356184381,200,1000,0.4123332940042019,0.3875317335128784,"{'num_boost_round': 1000, 'max_depth': 10, 'learning_rate': 0.3, 'subsample': 0.7464270891026468, 'colsample_bytree': 0.5, 'min_child_weight': 5, 'gamma': 0.0}"
40,15,0.3922914077831302,200,1000,0.3932542324066162,0.3858835369348526,"{'num_boost_round': 1000, 'max_depth': 7, 'learning_rate': 0.3, 'subsample': 0.9117196490709801, 'colsample_bytree': 1.0, 'min_child_weight': 4, 'gamma': 0.0}"
40,17,0.3977185770065401,153,769,0.3977889820933342,0.383170086145401,"{'num_boost_round': 769, 'max_depth': 10, 'learning_rate': 0.3, 'subsample': 0.7675270158031537, 'colsample_bytree': 1.0, 'min_child_weight': 6, 'gamma': 0.0}"
40,19,0.3928179621696472,20,100,0.3928179621696472,0.375457401573658,"{'num_boost_round': 100, 'max_depth': 10, 'learning_rate': 0.3, 'subsample': 1.0, 'colsample_bytree': 0.8197802211829879, 'min_child_weight': 4, 'gamma': 0.0}"
40,20,0.39029502226410956,114,573,0.3903556063771248,0.375457401573658,"{'num_boost_round': 573, 'max_depth': 10, 'learning_rate': 0.3, 'subsample': 1.0, 'colsample_bytree': 1.0, 'min_child_weight': 3, 'gamma': 0.0}"
40,22,0.6453858232570822,20,100,0.6958129778504372,0.37351603209972384,"{'num_boost_round': 100, 'max_depth': 10, 'learning_rate': 0.0010000000000000002, 'subsample': 1.0, 'colsample_bytree': 1.0, 'min_child_weight': 10, 'gamma': 0.0}"
40,23,0.438949709013654,149,746,0.43914065659046175,0.37351603209972384,"{'num_boost_round': 746, 'max_depth': 10, 'learning_rate': 0.3, 'subsample': 1.0, 'colsample_bytree': 0.8314672680870725, 'min_child_weight': 5, 'gamma': 0.6317324529127916}"
40,26,0.4142758621402638,71,355,0.4777680978178978,0.3681872472167015,"{'num_boost_round': 355, 'max_depth': 3, 'learning_rate': 0.06225302382150065, 'subsample': 1.0, 'colsample_bytree': 0.5, 'min_child_weight': 4, 'gamma': 0.0}"
40,27,0.3755325244679653,200,1000,0.3781481459736824,0.3681872472167015,"{'num_boost_round': 1000, 'max_depth': 10, 'learning_rate': 0.09135789745827316, 'subsample': 1.0, 'colsample_bytree': 0.787545560299602, 'min_child_weight': 5, 'gamma': 0.0}"
40,29,0.46823242753744126,200,1000,0.47188479751348494,0.3619861796498299,"{'num_boost_round': 1000, 'max_depth': 3, 'learning_rate': 0.3, 'subsample': 0.5, 'colsample_bytree': 0.5, 'min_child_weight': 10, 'gamma': 2.444337730999587}"
40,30,0.4393793147917102,20,100,0.49438912719488143,0.3619861796498299,"{'num_boost_round': 100, 'max_depth': 3, 'learning_rate': 0.3, 'subsample': 0.5, 'colsample_bytree': 0.5, 'min_child_weight': 1, 'gamma': 5.0}"
40,31,0.37215349492096017,146,733,0.3740930497646332,0.3619861796498299,"{'num_boost_round': 733, 'max_depth': 10, 'learning_rate': 0.10570655868278186, 'subsample': 1.0, 'colsample_bytree': 0.8961770997823663, 'min_child_weight': 4, 'gamma': 0.0}"
40,32,0.5004330270034983,200,1000,0.5005048334598541,0.3619861796498299,"{'num_boost_round': 1000, 'max_depth': 3, 'learning_rate': 0.3, 'subsample': 1.0, 'colsample_bytree': 1.0, 'min_child_weight': 1, 'gamma': 4.999999999999999}"
60,1,0.6188529317135824,21,109,0.688961386680603,0.48469333797693254,"{'num_boost_round': 109, 'max_depth': 4, 'learning_rate': 0.0020214376075174826, 'subsample': 0.846200638202043, 'colsample_bytree': 0.9372207802863457, 'min_child_weight': 4, 'gamma': 4.9622961283978375}"
60,5,0.453406220307426,54,274,0.5832531571388244,0.4348314210772514,"{'num_boost_round': 274, 'max_depth': 3, 'learning_rate': 0.012792570848042322, 'subsample': 0.8259686558237112, 'colsample_bytree': 0.8556581901185434, 'min_child_weight': 3, 'gamma': 3.8195926691087263}"
60,6,0.44655848851427943,194,970,0.46087245643138885,0.4348314210772514,"{'num_boost_round': 970, 'max_depth': 7, 'learning_rate': 0.011676483570551255, 'subsample': 0.7499479256607059, 'colsample_bytree': 0.883080128452942, 'min_child_weight': 4, 'gamma': 0.8183629931259717}"
60,7,0.47286891788244245,131,657,0.4729627951979637,0.4348314210772514,"{'num_boost_round': 657, 'max_depth': 8, 'learning_rate': 0.0883728008790859, 'subsample': 0.9638721229326714, 'colsample_bytree': 0.9190452319875421, 'min_child_weight': 10, 'gamma': 2.764294408385495}"
60,9,0.447119336000127,90,453,0.45283680558204653,0.4348314210772514,"{'num_boost_round': 453, 'max_depth': 7, 'learning_rate': 0.1910836956944234, 'subsample': 0.6932805955684169, 'colsample_bytree': 0.7234634962475954, 'min_child_weight': 5, 'gamma': 1.316410125895996}"
60,11,0.44398856921207575,200,1000,0.4448500409722328,0.4348314210772514,"{'num_boost_round': 1000, 'max_depth': 10, 'learning_rate': 0.3, 'subsample': 0.5, 'colsample_bytree': 0.6731670507222581, 'min_child_weight': 1, 'gamma': 0.0}"
60,13,0.4744887345161285,20,100,0.4783432349562645,0.39870627522468566,"{'num_boost_round': 100, 'max_depth': 4, 'learning_rate': 0.3, 'subsample': 1.0, 'colsample_bytree': 0.5, 'min_child_weight': 1, 'gamma': 0.0}"
60,14,0.41154436700673785,20,100,0.4255967170000076,0.39870627522468566,"{'num_boost_round': 100, 'max_depth': 10, 'learning_rate': 0.16795036174917305, 'subsample': 1.0, 'colsample_bytree': 1.0, 'min_child_weight': 1, 'gamma': 0.0}"
60,16,0.4642369812016076,20,100,0.4657403439283371,0.39870627522468566,"{'num_boost_round': 100, 'max_depth': 10, 'learning_rate': 0.3, 'subsample': 1.0, 'colsample_bytree': 0.8743479451750344, 'min_child_weight': 1, 'gamma': 1.7024100046050263}"
60,17,0.44878723782770774,20,100,0.46086103320121763,0.39870627522468566,"{'num_boost_round': 100, 'max_depth': 10, 'learning_rate': 0.15720335542476593, 'subsample': 0.8500933238216337, 'colsample_bytree': 0.5, 'min_child_weight': 6, 'gamma': 0.0}"
60,18,0.40350973010063174,110,550,0.4035097539424896,0.39870627522468566,"{'num_boost_round': 550, 'max_depth': 10, 'learning_rate': 0.3, 'subsample': 1.0, 'colsample_bytree': 0.8607098959781663, 'min_child_weight': 1, 'gamma': 0.0}"
60,19,0.4728313058614731,200,1000,0.4728313058614731,0.39870627522468566,"{'num_boost_round': 1000, 'max_depth': 3, 'learning_rate': 0.04644050369212895, 'subsample': 0.5, 'colsample_bytree': 1.0, 'min_child_weight': 1, 'gamma': 3.0929011880977764}"
60,20,0.4082547578736997,20,100,0.41005249619483947,0.39870627522468566,"{'num_boost_round': 100, 'max_depth': 10, 'learning_rate': 0.3, 'subsample': 1.0, 'colsample_bytree': 0.8858413830350211, 'min_child_weight': 1, 'gamma': 0.0}"
60,21,0.4155345114099258,200,1000,0.4192541614174843,0.39870627522468566,"{'num_boost_round': 1000, 'max_depth': 10, 'learning_rate': 0.08632180834952013, 'subsample': 1.0, 'colsample_bytree': 0.9917133387469491, 'min_child_weight': 10, 'gamma': 0.0}"
60,22,0.40473122456780486,75,377,0.4081464998424053,0.39870627522468566,"{'num_boost_round': 377, 'max_depth': 10, 'learning_rate': 0.19893179673625713, 'subsample': 1.0, 'colsample_bytree': 0.7939351293545184, 'min_child_weight': 6, 'gamma': 0.0}"
60,24,0.42488154408231543,200,1000,0.4279375284910202,0.39870627522468566,"{'num_boost_round': 1000, 'max_depth': 7, 'learning_rate': 0.23623464194728294, 'subsample': 1.0, 'colsample_bytree': 1.0, 'min_child_weight': 10, 'gamma': 0.0}"
60,26,0.4037066488828867,200,1000,0.40616426393389704,0.39870627522468566,"{'num_boost_round': 1000, 'max_depth': 10, 'learning_rate': 0.3, 'subsample': 1.0, 'colsample_bytree': 0.750802332836608, 'min_child_weight': 10, 'gamma': 0.0}"
60,28,0.4050597416967693,114,574,0.40534852296113966,0.39870627522468566,"{'num_boost_round': 574, 'max_depth': 10, 'learning_rate': 0.3, 'subsample': 1.0, 'colsample_bytree': 0.702900044560687, 'min_child_weight': 2, 'gamma': 0.0}"
60,29,0.48595738400801997,200,1000,0.4879546701908112,0.39870627522468566,"{'num_boost_round': 1000, 'max_depth': 3, 'learning_rate': 0.037984502327701015, 'subsample': 1.0, 'colsample_bytree': 0.5, 'min_child_weight': 1, 'gamma': 3.424479758703397}"
60,31,0.4009916868451514,20,100,0.4565664142370224,0.39870627522468566,"{'num_boost_round': 100, 'max_depth': 10, 'learning_rate': 0.12617034846288946, 'subsample': 0.5712378192325188, 'colsample_bytree': 1.0, 'min_child_weight': 10, 'gamma': 0.0}"
60,33,0.4492931577817156,20,100,0.5003258153796196,0.39870627522468566,"{'num_boost_round': 100, 'max_depth': 8, 'learning_rate': 0.061827074361112254, 'subsample': 0.5, 'colsample_bytree': 1.0, 'min_child_weight': 10, 'gamma': 0.0}"
60,34,0.4263460785150528,20,100,0.4263460785150528,0.39870627522468566,"{'num_boost_round': 100, 'max_depth': 10, 'learning_rate': 0.29999999999999977, 'subsample': 1.0, 'colsample_bytree': 0.77168060902954, 'min_child_weight': 10, 'gamma': 0.0}"
100,7,0.46269169002771376,173,868,0.4636707976460457,0.45912131369113923,"{'num_boost_round': 868, 'max_depth': 10, 'learning_rate': 0.1555567641941355, 'subsample': 0.6797539219684512, 'colsample_bytree': 0.7994294729378736, 'min_child_weight': 4, 'gamma': 1.7009510768532288}"
100,8,0.5633848819300672,52,260,0.6494396463036537,0.45912131369113923,"{'num_boost_round': 260, 'max_depth': 4, 'learning_rate': 0.001291603798046911, 'subsample': 0.7527157148178947, 'colsample_bytree': 0.6881262271486814, 'min_child_weight': 6, 'gamma': 3.1497093779374867}"
100,9,0.4663583040237427,45,228,0.4680856242775917,0.45912131369113923,"{'num_boost_round': 228, 'max_depth': 10, 'learning_rate': 0.2209518884565463, 'subsample': 0.8011483288654329, 'colsample_bytree': 0.6938831401633154, 'min_child_weight': 4, 'gamma': 1.0217263843432212}"
100,11,0.44081695098527235,200,1000,0.44087096601724624,0.3793049916625023,"{'num_boost_round': 1000, 'max_depth': 10, 'learning_rate': 0.25830910348047764, 'subsample': 0.5, 'colsample_bytree': 0.5, 'min_child_weight': 1, 'gamma': 0.0}"
100,17,0.41805358945288845,97,486,0.43685775697231294,0.3635569289326668,"{'num_boost_round': 486, 'max_depth': 10, 'learning_rate': 0.02385606194716854, 'subsample': 0.8190083454799479, 'colsample_bytree': 0.5, 'min_child_weight': 1, 'gamma': 0.0}"
100,18,0.3780762174000549,200,1000,0.3936705946922302,0.3635569289326668,"{'num_boost_round': 1000, 'max_depth': 10, 'learning_rate': 0.03525552326568839, 'subsample': 0.7919007531760183, 'colsample_bytree': 0.5, 'min_child_weight': 1, 'gamma': 0.0}"
100,19,0.4571161175489717,200,1000,0.49856587797403334,0.3635569289326668,"{'num_boost_round': 1000, 'max_depth': 10, 'learning_rate': 0.047720370681223784, 'subsample': 0.5, 'colsample_bytree': 0.5, 'min_child_weight': 1, 'gamma': 5.0}"
100,20,0.37024568264805824,200,1000,0.4225210934877396,0.3635569289326668,"{'num_boost_round': 1000, 'max_depth': 10, 'learning_rate': 0.013764294703644377, 'subsample': 0.8110011079193606, 'colsample_bytree': 0.5, 'min_child_weight': 1, 'gamma': 0.0}"
100,21,0.5133611328750698,200,1000,0.5134037598967552,0.3635569289326668,"{'num_boost_round': 1000, 'max_depth': 3, 'learning_rate': 0.3, 'subsample': 1.0, 'colsample_bytree': 1.0, 'min_child_weight': 10, 'gamma': 5.0}"
100,24,0.48436087667028904,20,100,0.5007155254483223,0.3635569289326668,"{'num_boost_round': 100, 'max_depth': 3, 'learning_rate': 0.3, 'subsample': 0.5, 'colsample_bytree': 0.5, 'min_child_weight': 1, 'gamma': 0.0}"
100,27,0.3971978497921175,184,922,0.4036669865250587,0.3635569289326668,"{'num_boost_round': 922, 'max_depth': 10, 'learning_rate': 0.017838954100574515, 'subsample': 1.0, 'colsample_bytree': 0.5, 'min_child_weight': 1, 'gamma': 0.0}"
100,29,0.40086423307657243,200,1000,0.40086423307657243,0.3635569289326668,"{'num_boost_round': 1000, 'max_depth': 10, 'learning_rate': 0.09837988326249168, 'subsample': 1.0, 'colsample_bytree': 0.5, 'min_child_weight': 10, 'gamma': 0.0}"
100,31,0.384298700094223,200,1000,0.384298700094223,0.3635569289326668,"{'num_boost_round': 1000, 'max_depth': 10, 'learning_rate': 0.07556525619109891, 'subsample': 1.0, 'colsample_bytree': 0.5, 'min_child_weight': 1, 'gamma': 0.0}"
100,32,0.416069355021901,200,1000,0.41767942234873773,0.3635569289326668,"{'num_boost_round': 1000, 'max_depth': 10, 'learning_rate': 0.03251191904082509, 'subsample': 1.0, 'colsample_bytree': 1.0, 'min_child_weight': 1, 'gamma': 0.0}"
100,33,0.3669270732767036,200,1000,0.3947232380509377,0.3635569289326668,"{'num_boost_round': 1000, 'max_depth': 10, 'learning_rate': 0.030943623577289744, 'subsample': 0.7566205892236884, 'colsample_bytree': 0.5, 'min_child_weight': 1, 'gamma': 0.0}"
100,34,0.500092749341349,200,1000,0.5001652166247368,0.3635569289326668,"{'num_boost_round': 1000, 'max_depth': 10, 'learning_rate': 0.3, 'subsample': 1.0, 'colsample_bytree': 0.5, 'min_child_weight': 1, 'gamma': 5.0}"
200,1,0.43906677067279815,183,919,0.4404885947704315,0.43263722509145736,"{'num_boost_round': 919, 'max_depth': 6, 'learning_rate': 0.2704234560266349, 'subsample': 0.9336784952301092, 'colsample_bytree': 0.9930137557010467, 'min_child_weight': 10, 'gamma': 1.51846656980814}"
200,2,0.4419056251645088,172,862,0.44206987619400023,0.43263722509145736,"{'num_boost_round': 862, 'max_depth': 3, 'learning_rate': 0.08830142535902372, 'subsample': 0.6252525273855012, 'colsample_bytree': 0.5480148550769397, 'min_child_weight': 10, 'gamma': 4.130250735986637}"
200,6,0.42045779824256896,140,700,0.4215760439634323,0.405550866574049,"{'num_boost_round': 700, 'max_depth': 7, 'learning_rate': 0.13082223984834054, 'subsample': 0.5855056542557681, 'colsample_bytree': 0.9890792578163987, 'min_child_weight': 4, 'gamma': 1.162245469915455}"
200,7,0.4411451853811741,162,813,0.44330510646104815,0.405550866574049,"{'num_boost_round': 813, 'max_depth': 10, 'learning_rate': 0.2790346801869822, 'subsample': 0.5080318052390962, 'colsample_bytree': 0.602249925195596, 'min_child_weight': 7, 'gamma': 2.553360098194121}"
200,8,0.5415749230990727,57,289,0.6325536042451858,0.405550866574049,"{'num_boost_round': 289, 'max_depth': 5, 'learning_rate': 0.0011056439099612454, 'subsample': 0.822442772885418, 'colsample_bytree': 0.764333331202306, 'min_child_weight': 7, 'gamma': 1.4956274145914445}"
200,9,0.4490824922919273,180,901,0.450394070148468,0.405550866574049,"{'num_boost_round': 901, 'max_depth': 8, 'learning_rate': 0.2293388754271128, 'subsample': 0.6985535221652048, 'colsample_bytree': 0.9943239024971064, 'min_child_weight': 5, 'gamma': 3.6403645355837093}"
200,11,0.37963752895593644,72,363,0.3796376004815102,0.3643406219780445,"{'num_boost_round': 363, 'max_depth': 10, 'learning_rate': 0.3, 'subsample': 1.0, 'colsample_bytree': 1.0, 'min_child_weight': 1, 'gamma': 0.0}"
200,12,0.37963752895593644,120,601,0.3796376004815102,0.3643406219780445,"{'num_boost_round': 601, 'max_depth': 10, 'learning_rate': 0.3, 'subsample': 1.0, 'colsample_bytree': 1.0, 'min_child_weight': 1, 'gamma': 0.0}"
200,13,0.37095922622440464,71,355,0.3713222071528435,0.3643406219780445,"{'num_boost_round': 355, 'max_depth': 7, 'learning_rate': 0.3, 'subsample': 1.0, 'colsample_bytree': 0.6179227990820245, 'min_child_weight': 1, 'gamma': 0.0}"
200,14,0.4153423860669136,20,100,0.4153423860669136,0.3643406219780445,"{'num_boost_round': 100, 'max_depth': 5, 'learning_rate': 0.3, 'subsample': 1.0, 'colsample_bytree': 1.0, 'min_child_weight': 1, 'gamma': 0.0}"
200,18,0.4617435231587308,114,570,0.4618633508682251,0.3369787037372589,"{'num_boost_round': 570, 'max_depth': 8, 'learning_rate': 0.3, 'subsample': 1.0, 'colsample_bytree': 0.5, 'min_child_weight': 1, 'gamma': 2.301496549788215}"
200,19,0.36314142268994637,139,697,0.3643019899725914,0.3369787037372589,"{'num_boost_round': 697, 'max_depth': 7, 'learning_rate': 0.3, 'subsample': 1.0, 'colsample_bytree': 0.5, 'min_child_weight': 1, 'gamma': 0.0}"
200,20,0.35957430770803317,106,534,0.3596053957939148,0.3369787037372589,"{'num_boost_round': 534, 'max_depth': 9, 'learning_rate': 0.3, 'subsample': 0.7373525074413919, 'colsample_bytree': 0.5, 'min_child_weight': 1, 'gamma': 0.0}"
200,21,0.3762459814548492,106,534,0.3762459814548492,0.3369787037372589,"{'num_boost_round': 534, 'max_depth': 9, 'learning_rate': 0.3, 'subsample': 1.0, 'colsample_bytree': 0.5, 'min_child_weight': 5, 'gamma': 0.0}"
200,22,0.37165492925273114,103,518,0.3718602329492569,0.3369787037372589,"{'num_boost_round': 518, 'max_depth': 10, 'learning_rate': 0.3, 'subsample': 1.0, 'colsample_bytree': 0.5, 'min_child_weight': 1, 'gamma': 0.0}"
200,23,0.39401807356998236,200,1000,0.6024183243513107,0.3369787037372589,"{'num_boost_round': 1000, 'max_depth': 10, 'learning_rate': 0.0010000000000000002, 'subsample': 0.5, 'colsample_bytree': 1.0, 'min_child_weight': 1, 'gamma': 5.0}"
200,24,0.6081544974388011,20,100,0.6424678161740303,0.3369787037372589,"{'num_boost_round': 100, 'max_depth': 10, 'learning_rate': 0.0010000000000000002, 'subsample': 0.5, 'colsample_bytree': 1.0, 'min_child_weight': 1, 'gamma': 4.999999999999999}"
200,25,0.3497901798283701,200,1000,0.6081210032105446,0.3369787037372589,"{'num_boost_round': 1000, 'max_depth': 3, 'learning_rate': 0.0010000000000000002, 'subsample': 1.0, 'colsample_bytree': 1.0, 'min_child_weight': 10, 'gamma': 5.0}"
200,26,0.39702359424729006,200,1000,0.6161000624299049,0.3369787037372589,"{'num_boost_round': 1000, 'max_depth': 3, 'learning_rate': 0.0010000000000000002, 'subsample': 0.5, 'colsample_bytree': 0.5, 'min_child_weight': 10, 'gamma': 5.0}"
200,27,0.3997056171978318,200,1000,0.5379283562302589,0.3369787037372589,"{'num_boost_round': 1000, 'max_depth': 9, 'learning_rate': 0.002675968924252886, 'subsample': 1.0, 'colsample_bytree': 1.0, 'min_child_weight': 10, 'gamma': 5.0}"
200,28,0.4273151664865805,200,1000,0.6078302219510079,0.3369787037372589,"{'num_boost_round': 1000, 'max_depth': 3, 'learning_rate': 0.0010000000000000002, 'subsample': 1.0, 'colsample_bytree': 1.0, 'min_child_weight': 1, 'gamma': 5.0}"
200,29,0.3499895185930657,200,1000,0.6082581803202629,0.3369787037372589,"{'num_boost_round': 1000, 'max_depth': 3, 'learning_rate': 0.0010000000000000002, 'subsample': 1.0, 'colsample_bytree': 1.0, 'min_child_weight': 10, 'gamma': 3.0629339636469872}"
200,30,0.3486016125707443,200,1000,0.6080885663628578,0.3369787037372589,"{'num_boost_round': 1000, 'max_depth': 3, 'learning_rate': 0.0010000000000000002, 'subsample': 1.0, 'colsample_bytree': 1.0, 'min_child_weight': 10, 'gamma': 0.0}"
200,31,0.3823791942921871,200,1000,0.5962871342897416,0.3369787037372589,"{'num_boost_round': 1000, 'max_depth': 9, 'learning_rate': 0.0010000000000000002, 'subsample': 0.5, 'colsample_bytree': 1.0, 'min_child_weight': 10, 'gamma': 0.0}"
200,32,0.4942309920267052,200,1000,0.6164474487304688,0.3369787037372589,"{'num_boost_round': 1000, 'max_depth': 3, 'learning_rate': 0.0010000000000000002, 'subsample': 1.0, 'colsample_bytree': 0.5, 'min_child_weight': 10, 'gamma': 0.0}"
200,33,0.41815319986060356,200,1000,0.6065298080444336,0.3369787037372589,"{'num_boost_round': 1000, 'max_depth': 3, 'learning_rate': 0.0010000000000000002, 'subsample': 0.5, 'colsample_bytree': 1.0, 'min_child_weight': 10, 'gamma': 4.133495405476921}"
400,2,0.4904776781797409,186,932,0.4904776781797409,0.44570460468530654,"{'num_boost_round': 932, 'max_depth': 3, 'learning_rate': 0.12511036520975846, 'subsample': 0.818964265996637, 'colsample_bytree': 0.7496873053469697, 'min_child_weight': 10, 'gamma': 3.2787111732958802}"
400,3,0.4612885320214138,144,720,0.48573455959558487,0.44570460468530654,"{'num_boost_round': 720, 'max_depth': 8, 'learning_rate': 0.011660121991231322, 'subsample': 0.5957337887257879, 'colsample_bytree': 0.8968982819927389, 'min_child_weight': 10, 'gamma': 0.511873437935203}"
400,4,0.4964600291757946,78,393,0.4968978509306908,0.44570460468530654,"{'num_boost_round': 393, 'max_depth': 4, 'learning_rate': 0.11245753410522821, 'subsample': 0.9714751028145585, 'colsample_bytree': 0.7251883520995056, 'min_child_weight': 6, 'gamma': 2.6005663425628374}"
400,5,0.5073415051218667,199,998,0.5074592247605324,0.44570460468530654,"{'num_boost_round': 998, 'max_depth': 4, 'learning_rate': 0.09824530043456046, 'subsample': 0.8837520873801683, 'colsample_bytree': 0.8035575759579332, 'min_child_weight': 4, 'gamma': 4.776924492712321}"
400,7,0.5199952789224636,29,146,0.6652830436825752,0.42065993398427964,"{'num_boost_round': 146, 'max_depth': 4, 'learning_rate': 0.0031298051128565442, 'subsample': 0.9202244409922357, 'colsample_bytree': 0.876918748744922, 'min_child_weight': 8, 'gamma': 0.7009638914237365}"
400,8,0.4223695535911764,119,599,0.6370698153972626,0.42065993398427964,"{'num_boost_round': 599, 'max_depth': 10, 'learning_rate': 0.0017520445533598477, 'subsample': 0.8148491682306764, 'colsample_bytree': 0.8024632807298212, 'min_child_weight': 6, 'gamma': 2.7457715854669758}"
400,9,0.4720287790139675,169,847,0.6437406525015831,0.42065993398427964,"{'num_boost_round': 847, 'max_depth': 6, 'learning_rate': 0.0011404754272324083, 'subsample': 0.7018283528219834, 'colsample_bytree': 0.8411084431107585, 'min_child_weight': 10, 'gamma': 4.421921984300726}"
400,13,0.4635054105341861,130,654,0.5435806065797806,0.42065993398427964,"{'num_boost_round': 654, 'max_depth': 10, 'learning_rate': 0.006233829713681157, 'subsample': 0.6933952468152792, 'colsample_bytree': 0.7453411060682771, 'min_child_weight': 6, 'gamma': 1.6260343718697456}"
400,14,0.42616770631860496,198,990,0.43515378832817075,0.42065993398427964,"{'num_boost_round': 990, 'max_depth': 5, 'learning_rate': 0.047897408427020435, 'subsample': 0.9047131406062465, 'colsample_bytree': 1.0, 'min_child_weight': 7, 'gamma': 0.0}"
400,16,0.43937481470869477,159,798,0.44811454862356187,0.42065993398427964,"{'num_boost_round': 798, 'max_depth': 5, 'learning_rate': 0.04453048237763215, 'subsample': 0.633121005611604, 'colsample_bytree': 0.9640410623492478, 'min_child_weight': 5, 'gamma': 0.0}"
400,17,0.5018563708976728,118,590,0.6591171532869339,0.42065993398427964,"{'num_boost_round': 590, 'max_depth': 10, 'learning_rate': 0.0010000000000000002, 'subsample': 0.7306047179215176, 'colsample_bytree': 0.6857334361313769, 'min_child_weight': 7, 'gamma': 3.324456515210758}"
400,18,0.4769253819336529,163,818,0.477547912299633,0.42065993398427964,"{'num_boost_round': 818, 'max_depth': 3, 'learning_rate': 0.056432771346751884, 'subsample': 1.0, 'colsample_bytree': 1.0, 'min_child_weight': 6, 'gamma': 0.0}"
400,20,0.4914381338981549,101,506,0.546371965110302,0.42065993398427964,"{'num_boost_round': 506, 'max_depth': 10, 'learning_rate': 0.008346850121752554, 'subsample': 0.8319781203904603, 'colsample_bytree': 0.8568214695359229, 'min_child_weight': 6, 'gamma': 2.5832734713847354}"
400,21,0.49552522903941665,200,1000,0.5364810496568679,0.42065993398427964,"{'num_boost_round': 1000, 'max_depth': 5, 'learning_rate': 0.004724107384404075, 'subsample': 0.8666176589284785, 'colsample_bytree': 1.0, 'min_child_weight': 1, 'gamma': 0.0}"
400,22,0.4386831453330393,198,994,0.44720077216625215,0.42065993398427964,"{'num_boost_round': 994, 'max_depth': 6, 'learning_rate': 0.022086492297898237, 'subsample': 0.7873945805109671, 'colsample_bytree': 1.0, 'min_child_weight': 7, 'gamma': 0.0}"
400,23,0.422244845068922,126,630,0.4234141677618027,0.42065993398427964,"{'num_boost_round': 630, 'max_depth': 6, 'learning_rate': 0.06596141836254829, 'subsample': 1.0, 'colsample_bytree': 0.9882890322317534, 'min_child_weight': 6, 'gamma': 0.0}"
400,24,0.45672112914235913,152,764,0.6508524656295777,0.42065993398427964,"{'num_boost_round': 764, 'max_depth': 10, 'learning_rate': 0.0010000000000000002, 'subsample': 0.8920667576139737, 'colsample_bytree': 0.7954580078269027, 'min_child_weight': 8, 'gamma': 3.806799073532197}"
400,25,0.42690816856672903,200,1000,0.44232073724269866,0.42065993398427964,"{'num_boost_round': 1000, 'max_depth': 6, 'learning_rate': 0.01952551332287494, 'subsample': 1.0, 'colsample_bytree': 0.9630103489560089, 'min_child_weight': 6, 'gamma': 0.0}"
400,26,0.5035372054747538,93,467,0.6590707108378411,0.42065993398427964,"{'num_boost_round': 467, 'max_depth': 6, 'learning_rate': 0.0010000000000000002, 'subsample': 1.0, 'colsample_bytree': 0.9925171773674889, 'min_child_weight': 6, 'gamma': 0.0}"
400,31,0.4227345182146605,140,700,0.44555624276399614,0.40030786097049714,"{'num_boost_round': 700, 'max_depth': 7, 'learning_rate': 0.022140460409109296, 'subsample': 0.9471679169539833, 'colsample_bytree': 1.0, 'min_child_weight': 8, 'gamma': 0.0}"
400,32,0.4364432483922907,20,100,0.4415724590420723,0.40030786097049714,"{'num_boost_round': 100, 'max_depth': 10, 'learning_rate': 0.3, 'subsample': 0.5, 'colsample_bytree': 0.6164989820339286, 'min_child_weight': 1, 'gamma': 0.0}"
400,34,0.4209483599298052,20,100,0.4755465924739838,0.3581711694598198,"{'num_boost_round': 100, 'max_depth': 10, 'learning_rate': 0.07658562445537949, 'subsample': 1.0, 'colsample_bytree': 0.5, 'min_child_weight': 1, 'gamma': 0.0}"
600,2,0.46951063587831376,34,173,0.4709179550409317,0.4654940843582153,"{'num_boost_round': 173, 'max_depth': 5, 'learning_rate': 0.19162699760787166, 'subsample': 0.9937049160817766, 'colsample_bytree': 0.5255986127826136, 'min_child_weight': 2, 'gamma': 3.779552962151941}"
600,4,0.44852313166730284,186,930,0.44880224764347076,0.4144242152571678,"{'num_boost_round': 930, 'max_depth': 10, 'learning_rate': 0.04444596009297342, 'subsample': 0.7105572319792124, 'colsample_bytree': 0.6611039306490094, 'min_child_weight': 9, 'gamma': 1.6183894576902995}"
600,5,0.47206179999638437,107,537,0.4795984163880348,0.4144242152571678,"{'num_boost_round': 537, 'max_depth': 6, 'learning_rate': 0.02236249399823642, 'subsample': 0.6350862911314246, 'colsample_bytree': 0.6382455108963743, 'min_child_weight': 6, 'gamma': 4.403535286331647}"
600,6,0.44725688842560996,131,658,0.44860407412052156,0.4144242152571678,"{'num_boost_round': 658, 'max_depth': 9, 'learning_rate': 0.0609811712711362, 'subsample': 0.8236932764113569, 'colsample_bytree': 0.8451698867724182, 'min_child_weight': 1, 'gamma': 2.087656738600888}"
600,9,0.45964851677417756,112,561,0.4614408537745476,0.4144242152571678,"{'num_boost_round': 561, 'max_depth': 3, 'learning_rate': 0.07615558010101992, 'subsample': 0.674325714909769, 'colsample_bytree': 0.6494314183377743, 'min_child_weight': 6, 'gamma': 1.501923914262147}"
600,11,0.41883034826315296,173,867,0.4191234283149242,0.39056246131658556,"{'num_boost_round': 867, 'max_depth': 10, 'learning_rate': 0.3, 'subsample': 0.5, 'colsample_bytree': 0.6155302512433652, 'min_child_weight': 1, 'gamma': 0.0}"
600,13,0.4347535714507103,20,100,0.43792155012488365,0.39056246131658556,"{'num_boost_round': 100, 'max_depth': 10, 'learning_rate': 0.2675707835997561, 'subsample': 0.5, 'colsample_bytree': 0.7096952083532682, 'min_child_weight': 1, 'gamma': 0.0}"
600,14,0.4032858982682228,190,954,0.4032858982682228,0.39056246131658556,"{'num_boost_round': 954, 'max_depth': 10, 'learning_rate': 0.05502880894901747, 'subsample': 0.5, 'colsample_bytree': 0.509472621994401, 'min_child_weight': 1, 'gamma': 0.0}"
600,18,0.3895046036765653,200,1000,0.4060938566923141,0.3828210487961769,"{'num_boost_round': 1000, 'max_depth': 10, 'learning_rate': 0.12038836959371325, 'subsample': 0.5, 'colsample_bytree': 1.0, 'min_child_weight': 1, 'gamma': 0.0}"
600,22,0.41589568644832364,200,1000,0.420893719792366,0.37768720015883445,"{'num_boost_round': 1000, 'max_depth': 6, 'learning_rate': 0.04964520652242167, 'subsample': 0.5, 'colsample_bytree': 1.0, 'min_child_weight': 1, 'gamma': 0.0}"
600,24,0.44543679505586625,200,1000,0.4454989179968834,0.37768720015883445,"{'num_boost_round': 1000, 'max_depth': 10, 'learning_rate': 0.053223791396107105, 'subsample': 0.5, 'colsample_bytree': 1.0, 'min_child_weight': 1, 'gamma': 1.76528720468293}"
600,27,0.37638159594701515,200,1000,0.37696807384490966,0.36786250919103625,"{'num_boost_round': 1000, 'max_depth': 10, 'learning_rate': 0.05037016144581557, 'subsample': 1.0, 'colsample_bytree': 1.0, 'min_child_weight': 1, 'gamma': 0.0}"
600,29,0.37429889035527497,135,679,0.3797330968081951,0.36786250919103625,"{'num_boost_round': 679, 'max_depth': 10, 'learning_rate': 0.07032863665772447, 'subsample': 1.0, 'colsample_bytree': 1.0, 'min_child_weight': 1, 'gamma': 0.0}"
600,30,0.4266149059936458,200,1000,0.46686031222343444,0.36786250919103625,"{'num_boost_round': 1000, 'max_depth': 3, 'learning_rate': 0.3, 'subsample': 1.0, 'colsample_bytree': 1.0, 'min_child_weight': 10, 'gamma': 0.0}"
600,31,0.37322192192077636,200,1000,0.37322192192077636,0.36786250919103625,"{'num_boost_round': 1000, 'max_depth': 10, 'learning_rate': 0.0645321776076448, 'subsample': 1.0, 'colsample_bytree': 1.0, 'min_child_weight': 5, 'gamma': 0.0}"
600,32,0.36859687593708285,200,1000,0.36969028115272523,0.36786250919103625,"{'num_boost_round': 1000, 'max_depth': 10, 'learning_rate': 0.08483737013569256, 'subsample': 1.0, 'colsample_bytree': 1.0, 'min_child_weight': 1, 'gamma': 0.0}"
600,33,0.3795977251331646,200,1000,0.38056074604392054,0.36786250919103625,"{'num_boost_round': 1000, 'max_depth': 10, 'learning_rate': 0.0735658197678068, 'subsample': 1.0, 'colsample_bytree': 1.0, 'min_child_weight': 1, 'gamma': 0.0}"
600,34,0.3925581275708948,111,558,0.39776127636432645,0.36786250919103625,"{'num_boost_round': 558, 'max_depth': 10, 'learning_rate': 0.07637547657842103, 'subsample': 1.0, 'colsample_bytree': 0.5, 'min_child_weight': 1, 'gamma': 0.0}"
800,3,0.5362046614178146,59,298,0.6773370489478111,0.4872466415166855,"{'num_boost_round': 298, 'max_depth': 5, 'learning_rate': 0.0014078023763693431, 'subsample': 0.6470852676852459, 'colsample_bytree': 0.630923614576336, 'min_child_weight': 10, 'gamma': 1.1713298585725962}"
800,6,0.5151030137241919,22,113,0.6742211014032364,0.4872466415166855,"{'num_boost_round': 113, 'max_depth': 4, 'learning_rate': 0.004330918191894107, 'subsample': 0.6785794513589947, 'colsample_bytree': 0.6451575867521036, 'min_child_weight': 9, 'gamma': 0.23141839218367988}"
800,9,0.5435468856392741,102,514,0.6709434211254119,0.4820431753993034,"{'num_boost_round': 514, 'max_depth': 7, 'learning_rate': 0.0011019520172193958, 'subsample': 0.5217623800776272, 'colsample_bytree': 0.5542927297676328, 'min_child_weight': 5, 'gamma': 2.4841690479928937}"
800,14,0.46270622840605957,20,100,0.47822670489549635,0.4284661903977394,"{'num_boost_round': 100, 'max_depth': 3, 'learning_rate': 0.3, 'subsample': 0.6164009391137019, 'colsample_bytree': 0.6008802854405926, 'min_child_weight': 10, 'gamma': 0.0}"
800,15,0.45160016119480134,20,100,0.45200004130601884,0.4284661903977394,"{'num_boost_round': 100, 'max_depth': 8, 'learning_rate': 0.3, 'subsample': 0.8897971407317502, 'colsample_bytree': 0.6071104956527205, 'min_child_weight': 10, 'gamma': 0.0}"
800,16,0.4690795230343094,20,104,0.47403539419174195,0.4284661903977394,"{'num_boost_round': 104, 'max_depth': 4, 'learning_rate': 0.3, 'subsample': 0.8551245298750416, 'colsample_bytree': 0.6626229921650679, 'min_child_weight': 10, 'gamma': 0.0}"
800,17,0.47760029286146166,20,100,0.4812232434749603,0.4284661903977394,"{'num_boost_round': 100, 'max_depth': 5, 'learning_rate': 0.3, 'subsample': 1.0, 'colsample_bytree': 0.5, 'min_child_weight': 10, 'gamma': 0.0}"
800,19,0.45268972837169824,20,100,0.4606874644756317,0.42780492305755613,"{'num_boost_round': 100, 'max_depth': 7, 'learning_rate': 0.3, 'subsample': 1.0, 'colsample_bytree': 0.6792962141451586, 'min_child_weight': 10, 'gamma': 0.0}"
800,20,0.469730740992013,20,100,0.47407120168209077,0.42780492305755613,"{'num_boost_round': 100, 'max_depth': 6, 'learning_rate': 0.3, 'subsample': 0.7695237911397321, 'colsample_bytree': 0.6203653470768845, 'min_child_weight': 9, 'gamma': 0.0}"
800,21,0.4510516032576561,200,1000,0.45308269560337067,0.42780492305755613,"{'num_boost_round': 1000, 'max_depth': 3, 'learning_rate': 0.3, 'subsample': 1.0, 'colsample_bytree': 0.7385724211030874, 'min_child_weight': 10, 'gamma': 0.0}"
800,22,0.4727223106573015,20,100,0.47630226612091064,0.42780492305755613,"{'num_boost_round': 100, 'max_depth': 3, 'learning_rate': 0.3, 'subsample': 1.0, 'colsample_bytree': 0.740577525159873, 'min_child_weight': 1, 'gamma': 0.0}"
800,23,0.5105261509490495,20,100,0.5114605277776718,0.42780492305755613,"{'num_boost_round': 100, 'max_depth': 3, 'learning_rate': 0.3, 'subsample': 1.0, 'colsample_bytree': 0.6642097758299724, 'min_child_weight': 10, 'gamma': 4.999999999999999}"
800,25,0.4133159996066821,200,1000,0.41487766355276107,0.4097729459404945,"{'num_boost_round': 1000, 'max_depth': 10, 'learning_rate': 0.3, 'subsample': 1.0, 'colsample_bytree': 0.983045233986313, 'min_child_weight': 10, 'gamma': 0.0}"
800,26,0.4183254066168376,200,1000,0.41977379769086837,0.4097729459404945,"{'num_boost_round': 1000, 'max_depth': 10, 'learning_rate': 0.3, 'subsample': 1.0, 'colsample_bytree': 1.0, 'min_child_weight': 10, 'gamma': 0.0}"
800,27,0.4216601201495599,200,1000,0.4217311978340149,0.4097729459404945,"{'num_boost_round': 1000, 'max_depth': 10, 'learning_rate': 0.3, 'subsample': 1.0, 'colsample_bytree': 1.0, 'min_child_weight': 2, 'gamma': 0.0}"
800,28,0.4378590467287946,200,1000,0.4380527541041374,0.4097729459404945,"{'num_boost_round': 1000, 'max_depth': 10, 'learning_rate': 0.3, 'subsample': 0.6222876500078294, 'colsample_bytree': 1.0, 'min_child_weight': 10, 'gamma': 0.0}"
800,29,0.41337021589279177,200,1000,0.41337021589279177,0.4097729459404945,"{'num_boost_round': 1000, 'max_depth': 10, 'learning_rate': 0.3, 'subsample': 1.0, 'colsample_bytree': 0.6361871767439672, 'min_child_weight': 10, 'gamma': 0.0}"
800,30,0.41151143461465833,200,1000,0.4115133464336395,0.4097729459404945,"{'num_boost_round': 1000, 'max_depth': 10, 'learning_rate': 0.3, 'subsample': 1.0, 'colsample_bytree': 0.5387211881154352, 'min_child_weight': 3, 'gamma': 0.0}"
800,31,0.4129071295261383,200,1000,0.4129071295261383,0.4097729459404945,"{'num_boost_round': 1000, 'max_depth': 10, 'learning_rate': 0.3, 'subsample': 1.0, 'colsample_bytree': 0.5, 'min_child_weight': 10, 'gamma': 0.0}"
800,32,0.4129071295261383,200,1000,0.4129071295261383,0.4097729459404945,"{'num_boost_round': 1000, 'max_depth': 10, 'learning_rate': 0.3, 'subsample': 1.0, 'colsample_bytree': 0.5, 'min_child_weight': 10, 'gamma': 0.0}"
1000,1,0.47153137624263763,91,457,0.47307571619749067,0.4368076778948307,"{'num_boost_round': 457, 'max_depth': 4, 'learning_rate': 0.12164488131528237, 'subsample': 0.6035411721933734, 'colsample_bytree': 0.8712347667912044, 'min_child_weight': 4, 'gamma': 0.9112825997619217}"
1000,2,0.45622423738241197,153,769,0.45622423738241197,0.4368076778948307,"{'num_boost_round': 769, 'max_depth': 3, 'learning_rate': 0.15598671299420655, 'subsample': 0.9763221996107709, 'colsample_bytree': 0.9655717173387555, 'min_child_weight': 5, 'gamma': 0.14490829693435625}"
1000,3,0.5013216704130172,196,984,0.5014026209712028,0.4368076778948307,"{'num_boost_round': 984, 'max_depth': 5, 'learning_rate': 0.056305376705242244, 'subsample': 0.6809385338037809, 'colsample_bytree': 0.5175529489756807, 'min_child_weight': 9, 'gamma': 3.286267540702462}"
1000,4,0.47672612270451964,157,789,0.4772350236773491,0.4368076778948307,"{'num_boost_round': 789, 'max_depth': 7, 'learning_rate': 0.15576953579721523, 'subsample': 0.9520988076986812, 'colsample_bytree': 0.5052108502794771, 'min_child_weight': 1, 'gamma': 1.2231460487989265}"
1000,7,0.4440036145102061,99,495,0.5926998749375343,0.4368076778948307,"{'num_boost_round': 495, 'max_depth': 7, 'learning_rate': 0.005867728078584925, 'subsample': 0.8409541209925746, 'colsample_bytree': 0.6045065754207576, 'min_child_weight': 6, 'gamma': 2.8299441528453517}"
1000,8,0.4778638929613218,99,497,0.6291496902704239,0.4368076778948307,"{'num_boost_round': 497, 'max_depth': 4, 'learning_rate': 0.003380433349513649, 'subsample': 0.5666859460530715, 'colsample_bytree': 0.6611483507491553, 'min_child_weight': 3, 'gamma': 2.637490780099103}"
1000,9,0.44844106661679256,121,609,0.5526671692728996,0.4368076778948307,"{'num_boost_round': 609, 'max_depth': 6, 'learning_rate': 0.006270721578414199, 'subsample': 0.7798204053461331, 'colsample_bytree': 0.9326727905922534, 'min_child_weight': 9, 'gamma': 0.5390858299255569}"
1000,11,0.4953699973571081,20,100,0.4985820040106773,0.4346135139465332,"{'num_boost_round': 100, 'max_depth': 4, 'learning_rate': 0.20032443601372454, 'subsample': 0.8716946916079208, 'colsample_bytree': 1.0, 'min_child_weight': 8, 'gamma': 2.01979191077656}"
1000,12,0.47246886789798737,116,583,0.47366311475634576,0.4346135139465332,"{'num_boost_round': 583, 'max_depth': 3, 'learning_rate': 0.3, 'subsample': 0.8074295243527485, 'colsample_bytree': 0.9370355837149412, 'min_child_weight': 5, 'gamma': 0.0}"
1000,14,0.463099481966925,156,783,0.4715020626783371,0.42725726813077924,"{'num_boost_round': 783, 'max_depth': 3, 'learning_rate': 0.3, 'subsample': 0.6624279207002562, 'colsample_bytree': 1.0, 'min_child_weight': 2, 'gamma': 0.0}"
1000,16,0.46545675905544465,67,337,0.47513067349791527,0.42725726813077924,"{'num_boost_round': 337, 'max_depth': 3, 'learning_rate': 0.12740672909040704, 'subsample': 0.7477592341264054, 'colsample_bytree': 1.0, 'min_child_weight': 6, 'gamma': 0.0}"
1000,17,0.44245036564338497,75,378,0.4561234712600708,0.42725726813077924,"{'num_boost_round': 378, 'max_depth': 4, 'learning_rate': 0.1155209303229653, 'subsample': 0.93560767811295, 'colsample_bytree': 1.0, 'min_child_weight': 4, 'gamma': 0.0}"
1000,19,0.40826798175098644,86,431,0.4089101031422615,0.3774850443005562,"{'num_boost_round': 431, 'max_depth': 8, 'learning_rate': 0.15801052510418181, 'subsample': 1.0, 'colsample_bytree': 1.0, 'min_child_weight': 5, 'gamma': 0.0}"
1000,20,0.38264956608695355,79,395,0.4042252004146576,0.3774850443005562,"{'num_boost_round': 395, 'max_depth': 7, 'learning_rate': 0.11645066449728654, 'subsample': 0.8492996074217596, 'colsample_bytree': 1.0, 'min_child_weight': 6, 'gamma': 0.0}"
1000,21,0.45680770447845226,73,365,0.5124401435256004,0.3774850443005562,"{'num_boost_round': 365, 'max_depth': 7, 'learning_rate': 0.015936502638526594, 'subsample': 0.8719244578589815, 'colsample_bytree': 1.0, 'min_child_weight': 9, 'gamma': 0.0}"
1000,22,0.4142688428081143,74,373,0.4187979333102703,0.3774850443005562,"{'num_boost_round': 373, 'max_depth': 7, 'learning_rate': 0.3, 'subsample': 0.7765229306077395, 'colsample_bytree': 1.0, 'min_child_weight': 5, 'gamma': 0.0}"
1000,23,0.4352777881046081,82,410,0.457820737361908,0.3774850443005562,"{'num_boost_round': 410, 'max_depth': 8, 'learning_rate': 0.025164392484338088, 'subsample': 0.8845848960628351, 'colsample_bytree': 1.0, 'min_child_weight': 5, 'gamma': 0.0}"
1000,24,0.38276269166338167,80,400,0.3988661356270313,0.3774850443005562,"{'num_boost_round': 400, 'max_depth': 7, 'learning_rate': 0.14126615406067924, 'subsample': 0.8889803857079717, 'colsample_bytree': 1.0, 'min_child_weight': 3, 'gamma': 0.0}"
1000,25,0.43087064623832705,76,382,0.43087064623832705,0.3774850443005562,"{'num_boost_round': 382, 'max_depth': 7, 'learning_rate': 0.15314701971022096, 'subsample': 0.9071968312258825, 'colsample_bytree': 1.0, 'min_child_weight': 9, 'gamma': 0.0}"
1000,26,0.4315736203622789,20,100,0.45205792784690857,0.3774850443005562,"{'num_boost_round': 100, 'max_depth': 8, 'learning_rate': 0.10833182730179185, 'subsample': 0.62706098917534, 'colsample_bytree': 1.0, 'min_child_weight': 2, 'gamma': 0.0}"
1000,27,0.39485309841509164,188,941,0.3963281661272049,0.3774850443005562,"{'num_boost_round': 941, 'max_depth': 7, 'learning_rate': 0.11324945469202703, 'subsample': 0.8631652780848799, 'colsample_bytree': 1.0, 'min_child_weight': 4, 'gamma': 0.0}"
1000,28,0.6610798771558639,20,100,0.6807250156998634,0.3774850443005562,"{'num_boost_round': 100, 'max_depth': 10, 'learning_rate': 0.0010000000000000002, 'subsample': 1.0, 'colsample_bytree': 0.5, 'min_child_weight': 10, 'gamma': 5.0}"
1000,29,0.4611418073165905,200,1000,0.650113208591938,0.3774850443005562,"{'num_boost_round': 1000, 'max_depth': 10, 'learning_rate': 0.0010000000000000002, 'subsample': 0.5, 'colsample_bytree': 0.5, 'min_child_weight': 10, 'gamma': 1.4436675844201492}"
1000,32,0.38812512597896204,163,819,0.39072551131248473,0.3772326081991196,"{'num_boost_round': 819, 'max_depth': 7, 'learning_rate': 0.19095317160552888, 'subsample': 1.0, 'colsample_bytree': 1.0, 'min_child_weight': 1, 'gamma': 0.0}"
1000,33,0.3925010328527307,200,1000,0.3925147645175457,0.3772326081991196,"{'num_boost_round': 1000, 'max_depth': 10, 'learning_rate': 0.3, 'subsample': 1.0, 'colsample_bytree': 1.0, 'min_child_weight': 1, 'gamma': 0.0}"
1000,34,0.3959350901649779,156,784,0.3962206095457077,0.3772326081991196,"{'num_boost_round': 784, 'max_depth': 8, 'learning_rate': 0.3, 'subsample': 0.9079345575120423, 'colsample_bytree': 1.0, 'min_child_weight': 1, 'gamma': 0.0}"
